challenge_6_test_0000.wav,crocodile
challenge_6_test_0001.wav,crocodile
challenge_6_test_0002.wav,backward
challenge_6_test_0003.wav,crocodile
challenge_6_test_0004.wav,backward
challenge_6_test_0005.wav,crocodile
challenge_6_test_0006.wav,crocodile
challenge_6_test_0007.wav,crocodile
challenge_6_test_0008.wav,dinosaur
challenge_6_test_0009.wav,backward
challenge_6_test_0010.wav,forward
challenge_6_test_0011.wav,crocodile
challenge_6_test_0013.wav,backward
challenge_6_test_0014.wav,crocodile
challenge_6_test_0015.wav,dinosaur
challenge_6_test_0016.wav,crocodile
challenge_6_test_0017.wav,backward
challenge_6_test_0019.wav,dinosaur
challenge_6_test_0020.wav,backward
challenge_6_test_0021.wav,crocodile
challenge_6_test_0022.wav,forward
challenge_6_test_0023.wav,backward
challenge_6_test_0024.wav,backward
challenge_6_test_0025.wav,backward
challenge_6_test_0026.wav,forward
challenge_6_test_0027.wav,dinosaur
challenge_6_test_0028.wav,crocodile
challenge_6_test_0029.wav,dinosaur
challenge_6_test_0030.wav,backward
challenge_6_test_0031.wav,backward
challenge_6_test_0032.wav,crocodile
challenge_6_test_0033.wav,backward
challenge_6_test_0034.wav,forward
challenge_6_test_0035.wav,crocodile
challenge_6_test_0036.wav,backward
challenge_6_test_0038.wav,dinosaur
challenge_6_test_0039.wav,backward
challenge_6_test_0041.wav,crocodile
challenge_6_test_0042.wav,dinosaur
challenge_6_test_0043.wav,dinosaur
challenge_6_test_0044.wav,backward
challenge_6_test_0045.wav,forward
challenge_6_test_0046.wav,crocodile
challenge_6_test_0047.wav,backward
challenge_6_test_0048.wav,dinosaur
challenge_6_test_0049.wav,elephant
challenge_6_test_0051.wav,crocodile
challenge_6_test_0052.wav,backward
challenge_6_test_0053.wav,backward
challenge_6_test_0054.wav,backward
challenge_6_test_0055.wav,dinosaur
challenge_6_test_0056.wav,crocodile
challenge_6_test_0057.wav,backward
challenge_6_test_0058.wav,backward
challenge_6_test_0059.wav,crocodile
challenge_6_test_0060.wav,elephant
challenge_6_test_0061.wav,crocodile
challenge_6_test_0062.wav,backward
challenge_6_test_0064.wav,dinosaur
challenge_6_test_0065.wav,dinosaur
challenge_6_test_0066.wav,backward
challenge_6_test_0067.wav,backward
challenge_6_test_0068.wav,elephant
challenge_6_test_0069.wav,backward
challenge_6_test_0070.wav,backward
challenge_6_test_0071.wav,crocodile
challenge_6_test_0072.wav,backward
challenge_6_test_0073.wav,backward
challenge_6_test_0074.wav,backward
challenge_6_test_0075.wav,crocodile
challenge_6_test_0076.wav,dinosaur
challenge_6_test_0077.wav,dinosaur
challenge_6_test_0078.wav,backward
challenge_6_test_0079.wav,backward
challenge_6_test_0080.wav,backward
challenge_6_test_0081.wav,backward
challenge_6_test_0082.wav,elephant
challenge_6_test_0083.wav,elephant
challenge_6_test_0084.wav,crocodile
challenge_6_test_0085.wav,backward
challenge_6_test_0086.wav,elephant
challenge_6_test_0087.wav,backward
challenge_6_test_0088.wav,backward
challenge_6_test_0089.wav,forward
challenge_6_test_0090.wav,crocodile
challenge_6_test_0091.wav,crocodile
challenge_6_test_0092.wav,backward
challenge_6_test_0093.wav,forward
challenge_6_test_0094.wav,backward
challenge_6_test_0095.wav,backward
challenge_6_test_0096.wav,backward
challenge_6_test_0097.wav,backward
challenge_6_test_0098.wav,elephant
challenge_6_test_0099.wav,crocodile
challenge_6_test_0100.wav,backward
challenge_6_test_0101.wav,forward
challenge_6_test_0102.wav,backward
challenge_6_test_0103.wav,crocodile
challenge_6_test_0104.wav,dinosaur
challenge_6_test_0105.wav,crocodile
challenge_6_test_0106.wav,backward
challenge_6_test_0107.wav,elephant
challenge_6_test_0108.wav,backward
challenge_6_test_0109.wav,dinosaur
challenge_6_test_0110.wav,crocodile
challenge_6_test_0111.wav,forward
challenge_6_test_0112.wav,backward
challenge_6_test_0113.wav,backward
challenge_6_test_0114.wav,forward
challenge_6_test_0115.wav,crocodile
challenge_6_test_0116.wav,backward
challenge_6_test_0117.wav,forward
challenge_6_test_0118.wav,backward
challenge_6_test_0119.wav,crocodile
challenge_6_test_0120.wav,crocodile
challenge_6_test_0121.wav,crocodile
challenge_6_test_0122.wav,backward
challenge_6_test_0123.wav,backward
challenge_6_test_0124.wav,dinosaur
challenge_6_test_0125.wav,backward
challenge_6_test_0126.wav,backward
challenge_6_test_0127.wav,backward
challenge_6_test_0128.wav,backward
challenge_6_test_0129.wav,crocodile
challenge_6_test_0130.wav,backward
challenge_6_test_0131.wav,forward
challenge_6_test_0132.wav,crocodile
challenge_6_test_0133.wav,backward
challenge_6_test_0134.wav,dinosaur
challenge_6_test_0135.wav,backward
challenge_6_test_0136.wav,backward
challenge_6_test_0137.wav,backward
challenge_6_test_0138.wav,elephant
challenge_6_test_0139.wav,crocodile
challenge_6_test_0140.wav,crocodile
challenge_6_test_0141.wav,backward
challenge_6_test_0142.wav,elephant
challenge_6_test_0143.wav,backward
challenge_6_test_0144.wav,crocodile
challenge_6_test_0145.wav,backward
challenge_6_test_0146.wav,elephant
challenge_6_test_0147.wav,crocodile
challenge_6_test_0148.wav,crocodile
challenge_6_test_0149.wav,elephant
challenge_6_test_0150.wav,crocodile
challenge_6_test_0151.wav,elephant
challenge_6_test_0152.wav,backward
challenge_6_test_0153.wav,backward
challenge_6_test_0154.wav,elephant
challenge_6_test_0155.wav,backward
challenge_6_test_0156.wav,backward
challenge_6_test_0157.wav,forward
challenge_6_test_0158.wav,backward
challenge_6_test_0159.wav,crocodile
challenge_6_test_0160.wav,crocodile
challenge_6_test_0161.wav,crocodile
challenge_6_test_0162.wav,crocodile
challenge_6_test_0163.wav,backward
challenge_6_test_0164.wav,crocodile
challenge_6_test_0165.wav,backward
challenge_6_test_0166.wav,backward
challenge_6_test_0167.wav,crocodile
challenge_6_test_0168.wav,crocodile
challenge_6_test_0169.wav,backward
challenge_6_test_0170.wav,dinosaur
challenge_6_test_0171.wav,forward
challenge_6_test_0174.wav,elephant
challenge_6_test_0175.wav,dinosaur
challenge_6_test_0176.wav,crocodile
challenge_6_test_0177.wav,elephant
challenge_6_test_0178.wav,crocodile
challenge_6_test_0179.wav,elephant
challenge_6_test_0180.wav,backward
challenge_6_test_0181.wav,dinosaur
challenge_6_test_0182.wav,elephant
challenge_6_test_0183.wav,crocodile
challenge_6_test_0184.wav,backward
challenge_6_test_0185.wav,backward
challenge_6_test_0186.wav,elephant
challenge_6_test_0187.wav,forward
challenge_6_test_0188.wav,backward
challenge_6_test_0189.wav,backward
challenge_6_test_0190.wav,backward
challenge_6_test_0191.wav,backward
challenge_6_test_0192.wav,backward
challenge_6_test_0193.wav,backward
challenge_6_test_0194.wav,backward
challenge_6_test_0195.wav,crocodile
challenge_6_test_0196.wav,crocodile
challenge_6_test_0197.wav,backward
challenge_6_test_0198.wav,crocodile
challenge_6_test_0199.wav,elephant
challenge_6_test_0200.wav,dinosaur
challenge_6_test_0201.wav,crocodile
challenge_6_test_0202.wav,crocodile
challenge_6_test_0203.wav,backward
challenge_6_test_0204.wav,dinosaur
challenge_6_test_0205.wav,crocodile
challenge_6_test_0206.wav,backward
challenge_6_test_0207.wav,crocodile
challenge_6_test_0208.wav,elephant
challenge_6_test_0209.wav,backward
challenge_6_test_0210.wav,backward
challenge_6_test_0211.wav,backward
challenge_6_test_0212.wav,forward
challenge_6_test_0213.wav,backward
challenge_6_test_0214.wav,backward
challenge_6_test_0215.wav,backward
challenge_6_test_0216.wav,dinosaur
challenge_6_test_0217.wav,crocodile
challenge_6_test_0218.wav,backward
challenge_6_test_0219.wav,elephant
challenge_6_test_0220.wav,backward
challenge_6_test_0221.wav,elephant
challenge_6_test_0222.wav,crocodile
challenge_6_test_0223.wav,crocodile
challenge_6_test_0224.wav,crocodile
challenge_6_test_0225.wav,backward
challenge_6_test_0226.wav,crocodile
challenge_6_test_0227.wav,crocodile
challenge_6_test_0228.wav,backward
challenge_6_test_0229.wav,dinosaur
challenge_6_test_0230.wav,dinosaur
challenge_6_test_0231.wav,elephant
challenge_6_test_0232.wav,backward
challenge_6_test_0233.wav,backward
challenge_6_test_0234.wav,dinosaur
challenge_6_test_0235.wav,forward
challenge_6_test_0236.wav,backward
challenge_6_test_0237.wav,dinosaur
challenge_6_test_0238.wav,crocodile
challenge_6_test_0239.wav,crocodile
challenge_6_test_0240.wav,crocodile
challenge_6_test_0241.wav,dinosaur
challenge_6_test_0242.wav,crocodile
challenge_6_test_0243.wav,forward
challenge_6_test_0244.wav,backward
challenge_6_test_0245.wav,crocodile
challenge_6_test_0246.wav,backward
challenge_6_test_0247.wav,backward
challenge_6_test_0248.wav,backward
challenge_6_test_0249.wav,crocodile
challenge_6_test_0250.wav,backward
challenge_6_test_0251.wav,backward
challenge_6_test_0252.wav,crocodile
challenge_6_test_0253.wav,crocodile
challenge_6_test_0254.wav,backward
challenge_6_test_0255.wav,backward
challenge_6_test_0256.wav,backward
challenge_6_test_0257.wav,forward
challenge_6_test_0258.wav,forward
challenge_6_test_0259.wav,backward
challenge_6_test_0260.wav,backward
challenge_6_test_0261.wav,backward
challenge_6_test_0262.wav,backward
challenge_6_test_0263.wav,forward
challenge_6_test_0264.wav,backward
challenge_6_test_0265.wav,backward
challenge_6_test_0266.wav,crocodile
challenge_6_test_0267.wav,dinosaur
challenge_6_test_0268.wav,backward
challenge_6_test_0269.wav,backward
challenge_6_test_0270.wav,crocodile
challenge_6_test_0271.wav,backward
challenge_6_test_0272.wav,elephant
challenge_6_test_0273.wav,backward
challenge_6_test_0274.wav,backward
challenge_6_test_0275.wav,crocodile
challenge_6_test_0276.wav,backward
challenge_6_test_0277.wav,crocodile
challenge_6_test_0278.wav,backward
challenge_6_test_0279.wav,crocodile
challenge_6_test_0280.wav,backward
challenge_6_test_0281.wav,elephant
challenge_6_test_0282.wav,crocodile
challenge_6_test_0283.wav,crocodile
challenge_6_test_0284.wav,crocodile
challenge_6_test_0285.wav,backward
challenge_6_test_0286.wav,backward
challenge_6_test_0287.wav,backward
challenge_6_test_0288.wav,elephant
challenge_6_test_0289.wav,dinosaur
challenge_6_test_0290.wav,crocodile
challenge_6_test_0291.wav,crocodile
challenge_6_test_0292.wav,backward
challenge_6_test_0293.wav,backward
challenge_6_test_0294.wav,backward
challenge_6_test_0295.wav,elephant
challenge_6_test_0296.wav,backward
challenge_6_test_0297.wav,crocodile
challenge_6_test_0298.wav,backward
challenge_6_test_0299.wav,backward
challenge_6_test_0300.wav,backward
challenge_6_test_0301.wav,backward
challenge_6_test_0302.wav,backward
challenge_6_test_0303.wav,forward
challenge_6_test_0304.wav,backward
challenge_6_test_0305.wav,backward
challenge_6_test_0306.wav,backward
challenge_6_test_0307.wav,backward
challenge_6_test_0308.wav,crocodile
challenge_6_test_0309.wav,crocodile
challenge_6_test_0310.wav,backward
challenge_6_test_0311.wav,backward
challenge_6_test_0312.wav,elephant
challenge_6_test_0313.wav,backward
challenge_6_test_0314.wav,backward
challenge_6_test_0315.wav,backward
challenge_6_test_0316.wav,backward
challenge_6_test_0317.wav,backward
challenge_6_test_0318.wav,dinosaur
challenge_6_test_0319.wav,backward
challenge_6_test_0320.wav,backward
challenge_6_test_0321.wav,crocodile
challenge_6_test_0322.wav,backward
challenge_6_test_0323.wav,elephant
challenge_6_test_0324.wav,crocodile
challenge_6_test_0325.wav,backward
challenge_6_test_0326.wav,forward
challenge_6_test_0327.wav,backward
challenge_6_test_0328.wav,backward
challenge_6_test_0329.wav,backward
challenge_6_test_0330.wav,elephant
challenge_6_test_0331.wav,crocodile
challenge_6_test_0332.wav,backward
challenge_6_test_0333.wav,crocodile
challenge_6_test_0334.wav,backward
challenge_6_test_0335.wav,forward
challenge_6_test_0336.wav,forward
challenge_6_test_0338.wav,crocodile
challenge_6_test_0339.wav,backward
challenge_6_test_0340.wav,backward
challenge_6_test_0341.wav,crocodile
challenge_6_test_0343.wav,backward
challenge_6_test_0344.wav,backward
challenge_6_test_0345.wav,backward
challenge_6_test_0346.wav,backward
challenge_6_test_0347.wav,backward
challenge_6_test_0348.wav,backward
challenge_6_test_0349.wav,dinosaur
challenge_6_test_0350.wav,crocodile
challenge_6_test_0351.wav,forward
challenge_6_test_0353.wav,crocodile
challenge_6_test_0354.wav,backward
challenge_6_test_0355.wav,backward
challenge_6_test_0356.wav,elephant
challenge_6_test_0357.wav,dinosaur
challenge_6_test_0358.wav,backward
challenge_6_test_0359.wav,elephant
challenge_6_test_0360.wav,backward
challenge_6_test_0361.wav,crocodile
challenge_6_test_0362.wav,backward
challenge_6_test_0363.wav,backward
challenge_6_test_0365.wav,crocodile
challenge_6_test_0366.wav,crocodile
challenge_6_test_0367.wav,backward
challenge_6_test_0368.wav,crocodile
challenge_6_test_0369.wav,dinosaur
challenge_6_test_0370.wav,crocodile
challenge_6_test_0371.wav,backward
challenge_6_test_0372.wav,crocodile
challenge_6_test_0373.wav,crocodile
challenge_6_test_0374.wav,crocodile
challenge_6_test_0375.wav,forward
challenge_6_test_0376.wav,backward
challenge_6_test_0377.wav,dinosaur
challenge_6_test_0378.wav,backward
challenge_6_test_0379.wav,backward
challenge_6_test_0380.wav,backward
challenge_6_test_0381.wav,backward
challenge_6_test_0382.wav,dinosaur
challenge_6_test_0383.wav,backward
challenge_6_test_0384.wav,backward
challenge_6_test_0385.wav,backward
challenge_6_test_0386.wav,forward
challenge_6_test_0387.wav,backward
challenge_6_test_0388.wav,dinosaur
challenge_6_test_0389.wav,crocodile
challenge_6_test_0390.wav,elephant
challenge_6_test_0391.wav,dinosaur
challenge_6_test_0392.wav,elephant
challenge_6_test_0393.wav,backward
challenge_6_test_0394.wav,backward
challenge_6_test_0395.wav,backward
challenge_6_test_0396.wav,crocodile
challenge_6_test_0397.wav,crocodile
challenge_6_test_0398.wav,crocodile
challenge_6_test_0399.wav,forward
challenge_6_test_0400.wav,crocodile
challenge_6_test_0401.wav,elephant
challenge_6_test_0402.wav,backward
challenge_6_test_0403.wav,backward
challenge_6_test_0404.wav,backward
challenge_6_test_0405.wav,backward
challenge_6_test_0406.wav,forward
challenge_6_test_0407.wav,elephant
challenge_6_test_0408.wav,dinosaur
challenge_6_test_0409.wav,backward
challenge_6_test_0410.wav,elephant
challenge_6_test_0411.wav,crocodile
challenge_6_test_0412.wav,backward
challenge_6_test_0413.wav,backward
challenge_6_test_0414.wav,dinosaur
challenge_6_test_0415.wav,forward
challenge_6_test_0416.wav,crocodile
challenge_6_test_0417.wav,crocodile
challenge_6_test_0418.wav,crocodile
challenge_6_test_0419.wav,backward
challenge_6_test_0420.wav,backward
challenge_6_test_0421.wav,forward
challenge_6_test_0422.wav,backward
challenge_6_test_0423.wav,backward
challenge_6_test_0424.wav,backward
challenge_6_test_0425.wav,crocodile
challenge_6_test_0426.wav,backward
challenge_6_test_0427.wav,crocodile
challenge_6_test_0428.wav,backward
challenge_6_test_0429.wav,backward
challenge_6_test_0430.wav,elephant
challenge_6_test_0431.wav,backward
challenge_6_test_0432.wav,backward
challenge_6_test_0433.wav,dinosaur
challenge_6_test_0434.wav,crocodile
challenge_6_test_0435.wav,dinosaur
challenge_6_test_0436.wav,crocodile
challenge_6_test_0437.wav,backward
challenge_6_test_0438.wav,dinosaur
challenge_6_test_0439.wav,dinosaur
challenge_6_test_0440.wav,backward
challenge_6_test_0441.wav,crocodile
challenge_6_test_0442.wav,crocodile
challenge_6_test_0443.wav,backward
challenge_6_test_0444.wav,backward
challenge_6_test_0445.wav,backward
challenge_6_test_0446.wav,backward
challenge_6_test_0447.wav,crocodile
challenge_6_test_0448.wav,backward
challenge_6_test_0449.wav,dinosaur
challenge_6_test_0450.wav,backward
challenge_6_test_0451.wav,elephant
challenge_6_test_0452.wav,elephant
challenge_6_test_0453.wav,dinosaur
challenge_6_test_0454.wav,dinosaur
challenge_6_test_0455.wav,crocodile
challenge_6_test_0456.wav,backward
challenge_6_test_0457.wav,elephant
challenge_6_test_0458.wav,elephant
challenge_6_test_0459.wav,dinosaur
challenge_6_test_0460.wav,forward
challenge_6_test_0461.wav,backward
challenge_6_test_0462.wav,backward
challenge_6_test_0463.wav,backward
challenge_6_test_0464.wav,elephant
challenge_6_test_0465.wav,elephant
challenge_6_test_0466.wav,backward
challenge_6_test_0467.wav,elephant
challenge_6_test_0468.wav,crocodile
challenge_6_test_0469.wav,forward
challenge_6_test_0470.wav,backward
challenge_6_test_0471.wav,elephant
challenge_6_test_0472.wav,backward
challenge_6_test_0473.wav,backward
challenge_6_test_0474.wav,crocodile
challenge_6_test_0475.wav,elephant
challenge_6_test_0476.wav,backward
challenge_6_test_0477.wav,forward
challenge_6_test_0478.wav,backward
challenge_6_test_0479.wav,backward
challenge_6_test_0480.wav,backward
challenge_6_test_0481.wav,backward
challenge_6_test_0482.wav,forward
challenge_6_test_0483.wav,crocodile
challenge_6_test_0484.wav,elephant
challenge_6_test_0485.wav,elephant
challenge_6_test_0486.wav,backward
challenge_6_test_0487.wav,crocodile
challenge_6_test_0488.wav,crocodile
challenge_6_test_0489.wav,backward
challenge_6_test_0490.wav,forward
challenge_6_test_0491.wav,backward
challenge_6_test_0492.wav,crocodile
challenge_6_test_0493.wav,backward
challenge_6_test_0494.wav,crocodile
challenge_6_test_0495.wav,backward
challenge_6_test_0496.wav,crocodile
challenge_6_test_0497.wav,backward
challenge_6_test_0498.wav,backward
challenge_6_test_0499.wav,crocodile
challenge_6_test_0500.wav,crocodile
challenge_6_test_0501.wav,backward
challenge_6_test_0502.wav,crocodile
challenge_6_test_0503.wav,backward
challenge_6_test_0504.wav,backward
challenge_6_test_0505.wav,crocodile
challenge_6_test_0506.wav,crocodile
challenge_6_test_0507.wav,backward
challenge_6_test_0508.wav,backward
challenge_6_test_0509.wav,crocodile
challenge_6_test_0510.wav,backward
challenge_6_test_0511.wav,forward
challenge_6_test_0512.wav,crocodile
challenge_6_test_0513.wav,backward
challenge_6_test_0514.wav,elephant
challenge_6_test_0515.wav,backward
challenge_6_test_0516.wav,crocodile
challenge_6_test_0517.wav,crocodile
challenge_6_test_0518.wav,forward
challenge_6_test_0519.wav,backward
challenge_6_test_0520.wav,backward
challenge_6_test_0521.wav,backward
challenge_6_test_0522.wav,forward
challenge_6_test_0523.wav,crocodile
challenge_6_test_0524.wav,backward
challenge_6_test_0525.wav,backward
challenge_6_test_0526.wav,backward
challenge_6_test_0527.wav,elephant
challenge_6_test_0528.wav,backward
challenge_6_test_0529.wav,crocodile
challenge_6_test_0530.wav,backward
challenge_6_test_0531.wav,backward
challenge_6_test_0532.wav,crocodile
challenge_6_test_0533.wav,dinosaur
challenge_6_test_0534.wav,backward
challenge_6_test_0535.wav,forward
challenge_6_test_0536.wav,crocodile
challenge_6_test_0537.wav,forward
challenge_6_test_0538.wav,crocodile
challenge_6_test_0539.wav,dinosaur
challenge_6_test_0540.wav,dinosaur
challenge_6_test_0541.wav,backward
challenge_6_test_0542.wav,elephant
challenge_6_test_0543.wav,crocodile
challenge_6_test_0544.wav,crocodile
challenge_6_test_0545.wav,forward
challenge_6_test_0546.wav,dinosaur
challenge_6_test_0547.wav,elephant
challenge_6_test_0548.wav,crocodile
challenge_6_test_0549.wav,backward
challenge_6_test_0550.wav,backward
challenge_6_test_0551.wav,backward
challenge_6_test_0552.wav,dinosaur
challenge_6_test_0553.wav,elephant
challenge_6_test_0554.wav,backward
challenge_6_test_0555.wav,backward
challenge_6_test_0556.wav,backward
challenge_6_test_0557.wav,dinosaur
challenge_6_test_0558.wav,backward
challenge_6_test_0559.wav,elephant
challenge_6_test_0560.wav,backward
challenge_6_test_0561.wav,crocodile
challenge_6_test_0562.wav,forward
challenge_6_test_0563.wav,forward
challenge_6_test_0564.wav,backward
challenge_6_test_0565.wav,backward
challenge_6_test_0566.wav,backward
challenge_6_test_0567.wav,backward
challenge_6_test_0568.wav,backward
challenge_6_test_0569.wav,crocodile
challenge_6_test_0570.wav,backward
challenge_6_test_0571.wav,crocodile
challenge_6_test_0572.wav,backward
challenge_6_test_0573.wav,crocodile
challenge_6_test_0574.wav,backward
challenge_6_test_0575.wav,backward
challenge_6_test_0576.wav,backward
challenge_6_test_0577.wav,forward
challenge_6_test_0578.wav,crocodile
challenge_6_test_0579.wav,backward
challenge_6_test_0580.wav,dinosaur
challenge_6_test_0581.wav,elephant
challenge_6_test_0582.wav,crocodile
challenge_6_test_0583.wav,elephant
challenge_6_test_0584.wav,backward
challenge_6_test_0585.wav,crocodile
challenge_6_test_0586.wav,backward
challenge_6_test_0587.wav,backward
challenge_6_test_0588.wav,elephant
challenge_6_test_0589.wav,backward
challenge_6_test_0590.wav,backward
challenge_6_test_0591.wav,dinosaur
challenge_6_test_0592.wav,backward
challenge_6_test_0593.wav,backward
challenge_6_test_0594.wav,backward
challenge_6_test_0595.wav,backward
challenge_6_test_0596.wav,crocodile
challenge_6_test_0597.wav,crocodile
challenge_6_test_0598.wav,backward
challenge_6_test_0599.wav,forward
challenge_6_test_0600.wav,crocodile
challenge_6_test_0601.wav,crocodile
challenge_6_test_0602.wav,elephant
challenge_6_test_0603.wav,crocodile
challenge_6_test_0604.wav,elephant
challenge_6_test_0605.wav,backward
challenge_6_test_0606.wav,backward
challenge_6_test_0607.wav,dinosaur
challenge_6_test_0608.wav,backward
challenge_6_test_0609.wav,backward
challenge_6_test_0610.wav,dinosaur
challenge_6_test_0611.wav,backward
challenge_6_test_0612.wav,backward
challenge_6_test_0613.wav,backward
challenge_6_test_0614.wav,crocodile
challenge_6_test_0615.wav,backward
challenge_6_test_0616.wav,backward
challenge_6_test_0617.wav,elephant
challenge_6_test_0618.wav,crocodile
challenge_6_test_0619.wav,crocodile
challenge_6_test_0620.wav,elephant
challenge_6_test_0621.wav,backward
challenge_6_test_0622.wav,backward
challenge_6_test_0624.wav,backward
challenge_6_test_0625.wav,crocodile
challenge_6_test_0626.wav,backward
challenge_6_test_0627.wav,backward
challenge_6_test_0628.wav,backward
challenge_6_test_0629.wav,backward
challenge_6_test_0630.wav,forward
challenge_6_test_0631.wav,crocodile
challenge_6_test_0632.wav,dinosaur
challenge_6_test_0633.wav,backward
challenge_6_test_0634.wav,backward
challenge_6_test_0635.wav,crocodile
challenge_6_test_0636.wav,backward
challenge_6_test_0637.wav,crocodile
challenge_6_test_0638.wav,backward
challenge_6_test_0639.wav,elephant
challenge_6_test_0640.wav,backward
challenge_6_test_0641.wav,backward
challenge_6_test_0642.wav,forward
challenge_6_test_0643.wav,crocodile
challenge_6_test_0644.wav,backward
challenge_6_test_0645.wav,crocodile
challenge_6_test_0646.wav,backward
challenge_6_test_0647.wav,backward
challenge_6_test_0648.wav,elephant
challenge_6_test_0649.wav,dinosaur
challenge_6_test_0650.wav,forward
challenge_6_test_0651.wav,forward
challenge_6_test_0652.wav,crocodile
challenge_6_test_0653.wav,crocodile
challenge_6_test_0654.wav,backward
challenge_6_test_0655.wav,crocodile
challenge_6_test_0656.wav,backward
challenge_6_test_0657.wav,backward
challenge_6_test_0658.wav,backward
challenge_6_test_0659.wav,forward
challenge_6_test_0660.wav,crocodile
challenge_6_test_0661.wav,backward
challenge_6_test_0662.wav,backward
challenge_6_test_0663.wav,dinosaur
challenge_6_test_0664.wav,backward
challenge_6_test_0665.wav,elephant
challenge_6_test_0666.wav,elephant
challenge_6_test_0667.wav,backward
challenge_6_test_0668.wav,backward
challenge_6_test_0669.wav,dinosaur
challenge_6_test_0670.wav,dinosaur
challenge_6_test_0671.wav,crocodile
challenge_6_test_0672.wav,backward
challenge_6_test_0673.wav,forward
challenge_6_test_0674.wav,elephant
challenge_6_test_0675.wav,backward
challenge_6_test_0676.wav,dinosaur
challenge_6_test_0677.wav,dinosaur
challenge_6_test_0678.wav,backward
challenge_6_test_0679.wav,backward
challenge_6_test_0680.wav,backward
challenge_6_test_0681.wav,elephant
challenge_6_test_0682.wav,backward
challenge_6_test_0683.wav,backward
challenge_6_test_0684.wav,crocodile
challenge_6_test_0685.wav,backward
challenge_6_test_0686.wav,crocodile
challenge_6_test_0687.wav,backward
challenge_6_test_0688.wav,backward
challenge_6_test_0689.wav,crocodile
challenge_6_test_0690.wav,backward
challenge_6_test_0691.wav,elephant
challenge_6_test_0692.wav,backward
challenge_6_test_0693.wav,backward
challenge_6_test_0694.wav,backward
challenge_6_test_0695.wav,backward
challenge_6_test_0696.wav,backward
challenge_6_test_0697.wav,backward
challenge_6_test_0698.wav,backward
challenge_6_test_0699.wav,elephant
challenge_6_test_0700.wav,crocodile
challenge_6_test_0701.wav,dinosaur
challenge_6_test_0702.wav,elephant
challenge_6_test_0703.wav,crocodile
challenge_6_test_0704.wav,crocodile
challenge_6_test_0705.wav,elephant
challenge_6_test_0706.wav,elephant
challenge_6_test_0707.wav,backward
challenge_6_test_0708.wav,crocodile
challenge_6_test_0709.wav,forward
challenge_6_test_0710.wav,backward
challenge_6_test_0711.wav,elephant
challenge_6_test_0712.wav,crocodile
challenge_6_test_0713.wav,backward
challenge_6_test_0714.wav,crocodile
challenge_6_test_0715.wav,crocodile
challenge_6_test_0716.wav,dinosaur
challenge_6_test_0717.wav,elephant
challenge_6_test_0718.wav,forward
challenge_6_test_0719.wav,backward
challenge_6_test_0720.wav,crocodile
challenge_6_test_0721.wav,backward
challenge_6_test_0722.wav,backward
challenge_6_test_0723.wav,crocodile
challenge_6_test_0724.wav,backward
challenge_6_test_0725.wav,backward
challenge_6_test_0726.wav,backward
challenge_6_test_0727.wav,backward
challenge_6_test_0728.wav,forward
challenge_6_test_0729.wav,backward
challenge_6_test_0730.wav,crocodile
challenge_6_test_0731.wav,backward
challenge_6_test_0732.wav,crocodile
challenge_6_test_0733.wav,backward
challenge_6_test_0734.wav,crocodile
challenge_6_test_0735.wav,backward
challenge_6_test_0736.wav,crocodile
challenge_6_test_0737.wav,backward
challenge_6_test_0738.wav,backward
challenge_6_test_0739.wav,backward
challenge_6_test_0740.wav,forward
challenge_6_test_0741.wav,forward
challenge_6_test_0742.wav,elephant
challenge_6_test_0743.wav,forward
challenge_6_test_0744.wav,crocodile
challenge_6_test_0745.wav,crocodile
challenge_6_test_0746.wav,crocodile
challenge_6_test_0747.wav,forward
challenge_6_test_0748.wav,dinosaur
challenge_6_test_0749.wav,dinosaur
challenge_6_test_0750.wav,dinosaur
challenge_6_test_0751.wav,crocodile
challenge_6_test_0752.wav,crocodile
challenge_6_test_0753.wav,crocodile
challenge_6_test_0754.wav,backward
challenge_6_test_0755.wav,dinosaur
challenge_6_test_0756.wav,dinosaur
challenge_6_test_0757.wav,backward
challenge_6_test_0758.wav,elephant
challenge_6_test_0759.wav,crocodile
challenge_6_test_0760.wav,crocodile
challenge_6_test_0761.wav,backward
challenge_6_test_0762.wav,backward
challenge_6_test_0763.wav,backward
challenge_6_test_0764.wav,backward
challenge_6_test_0765.wav,backward
challenge_6_test_0766.wav,backward
challenge_6_test_0767.wav,backward
challenge_6_test_0768.wav,crocodile
challenge_6_test_0769.wav,backward
challenge_6_test_0770.wav,crocodile
challenge_6_test_0771.wav,crocodile
challenge_6_test_0772.wav,backward
challenge_6_test_0773.wav,crocodile
challenge_6_test_0774.wav,crocodile
challenge_6_test_0775.wav,crocodile
challenge_6_test_0776.wav,crocodile
challenge_6_test_0777.wav,backward
challenge_6_test_0778.wav,forward
challenge_6_test_0779.wav,crocodile
challenge_6_test_0780.wav,dinosaur
challenge_6_test_0781.wav,forward
challenge_6_test_0782.wav,forward
challenge_6_test_0783.wav,crocodile
challenge_6_test_0784.wav,backward
challenge_6_test_0785.wav,crocodile
challenge_6_test_0786.wav,elephant
challenge_6_test_0787.wav,crocodile
challenge_6_test_0789.wav,crocodile
challenge_6_test_0790.wav,elephant
challenge_6_test_0791.wav,backward
challenge_6_test_0792.wav,crocodile
challenge_6_test_0793.wav,forward
challenge_6_test_0794.wav,backward
challenge_6_test_0795.wav,dinosaur
challenge_6_test_0796.wav,crocodile
challenge_6_test_0798.wav,backward
challenge_6_test_0799.wav,backward
challenge_6_test_0800.wav,backward
challenge_6_test_0801.wav,elephant
challenge_6_test_0802.wav,crocodile
challenge_6_test_0803.wav,elephant
challenge_6_test_0804.wav,backward
challenge_6_test_0805.wav,forward
challenge_6_test_0806.wav,forward
challenge_6_test_0807.wav,elephant
challenge_6_test_0808.wav,dinosaur
challenge_6_test_0809.wav,backward
challenge_6_test_0810.wav,backward
challenge_6_test_0811.wav,crocodile
challenge_6_test_0812.wav,dinosaur
challenge_6_test_0813.wav,backward
challenge_6_test_0814.wav,backward
challenge_6_test_0815.wav,crocodile
challenge_6_test_0816.wav,backward
challenge_6_test_0817.wav,dinosaur
challenge_6_test_0818.wav,crocodile
challenge_6_test_0819.wav,forward
challenge_6_test_0820.wav,backward
challenge_6_test_0821.wav,backward
challenge_6_test_0822.wav,crocodile
challenge_6_test_0824.wav,forward
challenge_6_test_0825.wav,dinosaur
challenge_6_test_0826.wav,backward
challenge_6_test_0827.wav,backward
challenge_6_test_0828.wav,crocodile
challenge_6_test_0829.wav,backward
challenge_6_test_0830.wav,backward
challenge_6_test_0831.wav,dinosaur
challenge_6_test_0832.wav,crocodile
challenge_6_test_0833.wav,elephant
challenge_6_test_0834.wav,elephant
challenge_6_test_0835.wav,backward
challenge_6_test_0837.wav,dinosaur
challenge_6_test_0838.wav,crocodile
challenge_6_test_0839.wav,elephant
challenge_6_test_0840.wav,forward
challenge_6_test_0841.wav,backward
challenge_6_test_0842.wav,crocodile
challenge_6_test_0843.wav,forward
challenge_6_test_0844.wav,crocodile
challenge_6_test_0845.wav,backward
challenge_6_test_0846.wav,dinosaur
challenge_6_test_0847.wav,backward
challenge_6_test_0848.wav,dinosaur
challenge_6_test_0849.wav,backward
challenge_6_test_0850.wav,elephant
challenge_6_test_0851.wav,forward
challenge_6_test_0852.wav,crocodile
challenge_6_test_0853.wav,backward
challenge_6_test_0854.wav,backward
challenge_6_test_0855.wav,backward
challenge_6_test_0856.wav,backward
challenge_6_test_0857.wav,elephant
challenge_6_test_0858.wav,backward
challenge_6_test_0859.wav,forward
challenge_6_test_0860.wav,backward
challenge_6_test_0861.wav,crocodile
challenge_6_test_0862.wav,crocodile
challenge_6_test_0863.wav,crocodile
challenge_6_test_0864.wav,backward
challenge_6_test_0865.wav,backward
challenge_6_test_0866.wav,backward
challenge_6_test_0867.wav,backward
challenge_6_test_0868.wav,elephant
challenge_6_test_0869.wav,elephant
challenge_6_test_0871.wav,elephant
challenge_6_test_0872.wav,backward
challenge_6_test_0873.wav,crocodile
challenge_6_test_0874.wav,forward
challenge_6_test_0875.wav,backward
challenge_6_test_0876.wav,crocodile
challenge_6_test_0877.wav,backward
challenge_6_test_0878.wav,crocodile
challenge_6_test_0879.wav,crocodile
challenge_6_test_0880.wav,backward
challenge_6_test_0881.wav,elephant
challenge_6_test_0882.wav,backward
challenge_6_test_0883.wav,backward
challenge_6_test_0884.wav,crocodile
challenge_6_test_0885.wav,crocodile
challenge_6_test_0886.wav,backward
challenge_6_test_0887.wav,backward
challenge_6_test_0888.wav,backward
challenge_6_test_0889.wav,backward
challenge_6_test_0890.wav,backward
challenge_6_test_0892.wav,crocodile
challenge_6_test_0893.wav,backward
challenge_6_test_0894.wav,backward
challenge_6_test_0895.wav,dinosaur
challenge_6_test_0896.wav,forward
challenge_6_test_0897.wav,backward
challenge_6_test_0898.wav,crocodile
challenge_6_test_0899.wav,backward
challenge_6_test_0900.wav,backward
challenge_6_test_0901.wav,crocodile
challenge_6_test_0902.wav,backward
challenge_6_test_0903.wav,elephant
challenge_6_test_0904.wav,crocodile
challenge_6_test_0905.wav,dinosaur
challenge_6_test_0906.wav,forward
challenge_6_test_0907.wav,crocodile
challenge_6_test_0908.wav,backward
challenge_6_test_0909.wav,backward
challenge_6_test_0910.wav,crocodile
challenge_6_test_0911.wav,backward
challenge_6_test_0912.wav,backward
challenge_6_test_0913.wav,crocodile
challenge_6_test_0914.wav,backward
challenge_6_test_0915.wav,crocodile
challenge_6_test_0916.wav,backward
challenge_6_test_0917.wav,elephant
challenge_6_test_0918.wav,backward
challenge_6_test_0919.wav,crocodile
challenge_6_test_0920.wav,forward
challenge_6_test_0921.wav,elephant
challenge_6_test_0922.wav,elephant
challenge_6_test_0923.wav,crocodile
challenge_6_test_0924.wav,backward
challenge_6_test_0925.wav,forward
challenge_6_test_0926.wav,backward
challenge_6_test_0927.wav,backward
challenge_6_test_0928.wav,crocodile
challenge_6_test_0929.wav,backward
challenge_6_test_0930.wav,backward
challenge_6_test_0932.wav,elephant
challenge_6_test_0933.wav,crocodile
challenge_6_test_0934.wav,backward
challenge_6_test_0935.wav,forward
challenge_6_test_0936.wav,backward
challenge_6_test_0937.wav,backward
challenge_6_test_0938.wav,backward
challenge_6_test_0939.wav,elephant
challenge_6_test_0940.wav,backward
challenge_6_test_0941.wav,backward
challenge_6_test_0942.wav,crocodile
challenge_6_test_0943.wav,backward
challenge_6_test_0944.wav,forward
challenge_6_test_0945.wav,dinosaur
challenge_6_test_0946.wav,backward
challenge_6_test_0947.wav,dinosaur
challenge_6_test_0948.wav,elephant
challenge_6_test_0949.wav,dinosaur
challenge_6_test_0950.wav,dinosaur
challenge_6_test_0951.wav,backward
challenge_6_test_0952.wav,crocodile
challenge_6_test_0953.wav,elephant
challenge_6_test_0954.wav,elephant
challenge_6_test_0955.wav,crocodile
challenge_6_test_0956.wav,crocodile
challenge_6_test_0957.wav,backward
challenge_6_test_0958.wav,crocodile
challenge_6_test_0959.wav,backward
challenge_6_test_0960.wav,backward
challenge_6_test_0961.wav,backward
challenge_6_test_0962.wav,forward
challenge_6_test_0963.wav,backward
challenge_6_test_0964.wav,dinosaur
challenge_6_test_0965.wav,forward
challenge_6_test_0967.wav,forward
challenge_6_test_0968.wav,elephant
challenge_6_test_0969.wav,crocodile
challenge_6_test_0970.wav,crocodile
challenge_6_test_0971.wav,backward
challenge_6_test_0972.wav,backward
challenge_6_test_0973.wav,backward
challenge_6_test_0974.wav,backward
challenge_6_test_0975.wav,elephant
challenge_6_test_0976.wav,backward
challenge_6_test_0978.wav,dinosaur
challenge_6_test_0979.wav,dinosaur
challenge_6_test_0980.wav,crocodile
challenge_6_test_0981.wav,backward
challenge_6_test_0982.wav,backward
challenge_6_test_0983.wav,backward
challenge_6_test_0984.wav,backward
challenge_6_test_0985.wav,backward
challenge_6_test_0986.wav,crocodile
challenge_6_test_0987.wav,crocodile
challenge_6_test_0988.wav,backward
challenge_6_test_0989.wav,dinosaur
challenge_6_test_0990.wav,forward
challenge_6_test_0991.wav,backward
challenge_6_test_0992.wav,crocodile
challenge_6_test_0993.wav,crocodile
challenge_6_test_0994.wav,forward
challenge_6_test_0995.wav,backward
challenge_6_test_0996.wav,backward
challenge_6_test_0997.wav,dinosaur
challenge_6_test_0998.wav,dinosaur
challenge_6_test_0999.wav,crocodile
challenge_6_test_1000.wav,backward
challenge_6_test_1001.wav,dinosaur
challenge_6_test_1002.wav,elephant
challenge_6_test_1003.wav,forward
challenge_6_test_1004.wav,backward
challenge_6_test_1005.wav,elephant
challenge_6_test_1006.wav,crocodile
challenge_6_test_1007.wav,backward
challenge_6_test_1008.wav,backward
challenge_6_test_1009.wav,backward
challenge_6_test_1010.wav,backward
challenge_6_test_1011.wav,forward
challenge_6_test_1012.wav,backward
challenge_6_test_1013.wav,backward
challenge_6_test_1014.wav,elephant
challenge_6_test_1015.wav,dinosaur
challenge_6_test_1016.wav,dinosaur
challenge_6_test_1017.wav,crocodile
challenge_6_test_1018.wav,dinosaur
challenge_6_test_1019.wav,elephant
challenge_6_test_1020.wav,elephant
challenge_6_test_1021.wav,backward
challenge_6_test_1022.wav,forward
challenge_6_test_1023.wav,crocodile
challenge_6_test_1024.wav,backward
challenge_6_test_1025.wav,backward
challenge_6_test_1026.wav,crocodile
challenge_6_test_1027.wav,crocodile
challenge_6_test_1028.wav,elephant
challenge_6_test_1029.wav,dinosaur
challenge_6_test_1030.wav,backward
challenge_6_test_1031.wav,crocodile
challenge_6_test_1032.wav,backward
challenge_6_test_1033.wav,backward
challenge_6_test_1034.wav,elephant
challenge_6_test_1035.wav,crocodile
challenge_6_test_1036.wav,backward
challenge_6_test_1037.wav,backward
challenge_6_test_1038.wav,dinosaur
challenge_6_test_1039.wav,crocodile
challenge_6_test_1040.wav,crocodile
challenge_6_test_1041.wav,elephant
challenge_6_test_1042.wav,dinosaur
challenge_6_test_1043.wav,backward
challenge_6_test_1044.wav,backward
challenge_6_test_1045.wav,crocodile
challenge_6_test_1046.wav,backward
challenge_6_test_1047.wav,crocodile
challenge_6_test_1048.wav,backward
challenge_6_test_1049.wav,forward
challenge_6_test_1050.wav,crocodile
challenge_6_test_1051.wav,elephant
challenge_6_test_1052.wav,crocodile
challenge_6_test_1053.wav,crocodile
challenge_6_test_1054.wav,forward
challenge_6_test_1055.wav,crocodile
challenge_6_test_1056.wav,backward
challenge_6_test_1057.wav,forward
challenge_6_test_1058.wav,dinosaur
challenge_6_test_1059.wav,backward
challenge_6_test_1060.wav,backward
challenge_6_test_1061.wav,backward
challenge_6_test_1062.wav,backward
challenge_6_test_1063.wav,crocodile
challenge_6_test_1064.wav,backward
challenge_6_test_1065.wav,backward
challenge_6_test_1066.wav,backward
challenge_6_test_1067.wav,forward
challenge_6_test_1068.wav,backward
challenge_6_test_1069.wav,crocodile
challenge_6_test_1070.wav,crocodile
challenge_6_test_1071.wav,dinosaur
challenge_6_test_1072.wav,elephant
challenge_6_test_1073.wav,backward
challenge_6_test_1074.wav,backward
challenge_6_test_1075.wav,elephant
challenge_6_test_1076.wav,backward
challenge_6_test_1077.wav,backward
challenge_6_test_1078.wav,dinosaur
challenge_6_test_1079.wav,crocodile
challenge_6_test_1080.wav,dinosaur
challenge_6_test_1081.wav,dinosaur
challenge_6_test_1082.wav,forward
challenge_6_test_1083.wav,elephant
challenge_6_test_1085.wav,crocodile
challenge_6_test_1086.wav,backward
challenge_6_test_1087.wav,crocodile
challenge_6_test_1088.wav,backward
challenge_6_test_1089.wav,forward
challenge_6_test_1090.wav,crocodile
challenge_6_test_1091.wav,backward
challenge_6_test_1092.wav,elephant
challenge_6_test_1093.wav,backward
challenge_6_test_1094.wav,crocodile
challenge_6_test_1095.wav,backward
challenge_6_test_1096.wav,forward
challenge_6_test_1097.wav,backward
challenge_6_test_1098.wav,dinosaur
challenge_6_test_1099.wav,crocodile
challenge_6_test_1100.wav,elephant
challenge_6_test_1101.wav,backward
challenge_6_test_1102.wav,dinosaur
challenge_6_test_1103.wav,crocodile
challenge_6_test_1104.wav,crocodile
challenge_6_test_1105.wav,elephant
challenge_6_test_1106.wav,crocodile
challenge_6_test_1107.wav,backward
challenge_6_test_1108.wav,elephant
challenge_6_test_1109.wav,backward
challenge_6_test_1110.wav,elephant
challenge_6_test_1111.wav,backward
challenge_6_test_1112.wav,crocodile
challenge_6_test_1113.wav,backward
challenge_6_test_1114.wav,backward
challenge_6_test_1115.wav,crocodile
challenge_6_test_1116.wav,elephant
challenge_6_test_1117.wav,backward
challenge_6_test_1118.wav,dinosaur
challenge_6_test_1119.wav,dinosaur
challenge_6_test_1120.wav,backward
challenge_6_test_1121.wav,backward
challenge_6_test_1122.wav,crocodile
challenge_6_test_1123.wav,backward
challenge_6_test_1124.wav,elephant
challenge_6_test_1125.wav,dinosaur
challenge_6_test_1126.wav,backward
challenge_6_test_1127.wav,backward
challenge_6_test_1128.wav,backward
challenge_6_test_1129.wav,crocodile
challenge_6_test_1130.wav,backward
challenge_6_test_1131.wav,backward
challenge_6_test_1132.wav,backward
challenge_6_test_1133.wav,crocodile
challenge_6_test_1134.wav,crocodile
challenge_6_test_1135.wav,dinosaur
challenge_6_test_1136.wav,dinosaur
challenge_6_test_1137.wav,backward
challenge_6_test_1138.wav,backward
challenge_6_test_1139.wav,crocodile
challenge_6_test_1140.wav,crocodile
challenge_6_test_1141.wav,backward
challenge_6_test_1142.wav,backward
challenge_6_test_1143.wav,dinosaur
challenge_6_test_1144.wav,backward
challenge_6_test_1145.wav,backward
challenge_6_test_1146.wav,backward
challenge_6_test_1147.wav,crocodile
challenge_6_test_1148.wav,forward
challenge_6_test_1149.wav,elephant
challenge_6_test_1150.wav,backward
challenge_6_test_1151.wav,elephant
challenge_6_test_1152.wav,crocodile
challenge_6_test_1153.wav,forward
challenge_6_test_1155.wav,crocodile
challenge_6_test_1156.wav,elephant
challenge_6_test_1157.wav,backward
challenge_6_test_1158.wav,crocodile
challenge_6_test_1159.wav,crocodile
challenge_6_test_1160.wav,backward
challenge_6_test_1161.wav,dinosaur
challenge_6_test_1162.wav,crocodile
challenge_6_test_1163.wav,backward
challenge_6_test_1164.wav,crocodile
challenge_6_test_1165.wav,backward
challenge_6_test_1166.wav,crocodile
challenge_6_test_1167.wav,dinosaur
challenge_6_test_1168.wav,crocodile
challenge_6_test_1169.wav,backward
challenge_6_test_1170.wav,crocodile
challenge_6_test_1171.wav,dinosaur
challenge_6_test_1172.wav,crocodile
challenge_6_test_1173.wav,backward
challenge_6_test_1174.wav,backward
challenge_6_test_1175.wav,backward
challenge_6_test_1176.wav,backward
challenge_6_test_1177.wav,backward
challenge_6_test_1178.wav,backward
challenge_6_test_1179.wav,backward
challenge_6_test_1180.wav,crocodile
challenge_6_test_1181.wav,backward
challenge_6_test_1182.wav,backward
challenge_6_test_1183.wav,crocodile
challenge_6_test_1184.wav,crocodile
challenge_6_test_1185.wav,backward
challenge_6_test_1186.wav,elephant
challenge_6_test_1187.wav,elephant
challenge_6_test_1188.wav,dinosaur
challenge_6_test_1189.wav,backward
challenge_6_test_1190.wav,crocodile
challenge_6_test_1191.wav,elephant
challenge_6_test_1192.wav,crocodile
challenge_6_test_1193.wav,backward
challenge_6_test_1194.wav,backward
challenge_6_test_1195.wav,backward
challenge_6_test_1196.wav,crocodile
challenge_6_test_1197.wav,crocodile
challenge_6_test_1198.wav,forward
challenge_6_test_1199.wav,crocodile
challenge_6_test_1200.wav,backward
challenge_6_test_1201.wav,dinosaur
challenge_6_test_1202.wav,crocodile
challenge_6_test_1203.wav,backward
challenge_6_test_1204.wav,backward
challenge_6_test_1205.wav,crocodile
challenge_6_test_1206.wav,dinosaur
challenge_6_test_1207.wav,crocodile
challenge_6_test_1208.wav,crocodile
challenge_6_test_1209.wav,backward
challenge_6_test_1210.wav,backward
challenge_6_test_1211.wav,backward
challenge_6_test_1212.wav,crocodile
challenge_6_test_1213.wav,crocodile
challenge_6_test_1214.wav,backward
challenge_6_test_1215.wav,backward
challenge_6_test_1216.wav,elephant
challenge_6_test_1217.wav,backward
challenge_6_test_1218.wav,crocodile
challenge_6_test_1219.wav,crocodile
challenge_6_test_1220.wav,crocodile
challenge_6_test_1221.wav,crocodile
challenge_6_test_1222.wav,backward
challenge_6_test_1223.wav,crocodile
challenge_6_test_1224.wav,dinosaur
challenge_6_test_1225.wav,crocodile
challenge_6_test_1226.wav,backward
challenge_6_test_1227.wav,dinosaur
challenge_6_test_1228.wav,elephant
challenge_6_test_1229.wav,crocodile
challenge_6_test_1230.wav,dinosaur
challenge_6_test_1231.wav,crocodile
challenge_6_test_1232.wav,crocodile
challenge_6_test_1233.wav,elephant
challenge_6_test_1234.wav,backward
challenge_6_test_1235.wav,backward
challenge_6_test_1236.wav,dinosaur
challenge_6_test_1237.wav,backward
challenge_6_test_1238.wav,backward
challenge_6_test_1239.wav,forward
challenge_6_test_1240.wav,forward
challenge_6_test_1241.wav,crocodile
challenge_6_test_1242.wav,backward
challenge_6_test_1243.wav,backward
challenge_6_test_1244.wav,crocodile
challenge_6_test_1245.wav,elephant
challenge_6_test_1246.wav,backward
challenge_6_test_1247.wav,backward
challenge_6_test_1248.wav,backward
challenge_6_test_1249.wav,crocodile
challenge_6_test_1250.wav,backward
challenge_6_test_1251.wav,backward
challenge_6_test_1253.wav,dinosaur
challenge_6_test_1254.wav,backward
challenge_6_test_1255.wav,crocodile
challenge_6_test_1256.wav,crocodile
challenge_6_test_1257.wav,crocodile
challenge_6_test_1258.wav,crocodile
challenge_6_test_1259.wav,backward
challenge_6_test_1260.wav,forward
challenge_6_test_1261.wav,elephant
challenge_6_test_1262.wav,crocodile
challenge_6_test_1263.wav,backward
challenge_6_test_1264.wav,backward
challenge_6_test_1265.wav,crocodile
challenge_6_test_1266.wav,elephant
challenge_6_test_1267.wav,dinosaur
challenge_6_test_1268.wav,dinosaur
challenge_6_test_1269.wav,backward
challenge_6_test_1270.wav,backward
challenge_6_test_1271.wav,backward
challenge_6_test_1272.wav,backward
challenge_6_test_1273.wav,backward
challenge_6_test_1274.wav,crocodile
challenge_6_test_1275.wav,elephant
challenge_6_test_1276.wav,backward
challenge_6_test_1277.wav,backward
challenge_6_test_1278.wav,forward
challenge_6_test_1279.wav,forward
challenge_6_test_1280.wav,backward
challenge_6_test_1281.wav,backward
challenge_6_test_1282.wav,backward
challenge_6_test_1283.wav,backward
challenge_6_test_1284.wav,dinosaur
challenge_6_test_1285.wav,dinosaur
challenge_6_test_1286.wav,crocodile
challenge_6_test_1287.wav,elephant
challenge_6_test_1288.wav,backward
challenge_6_test_1289.wav,crocodile
challenge_6_test_1290.wav,crocodile
challenge_6_test_1291.wav,elephant
challenge_6_test_1292.wav,dinosaur
challenge_6_test_1293.wav,dinosaur
challenge_6_test_1294.wav,crocodile
challenge_6_test_1295.wav,backward
challenge_6_test_1296.wav,backward
challenge_6_test_1297.wav,backward
challenge_6_test_1298.wav,crocodile
challenge_6_test_1299.wav,backward
challenge_6_test_1300.wav,crocodile
challenge_6_test_1301.wav,backward
challenge_6_test_1302.wav,backward
challenge_6_test_1303.wav,dinosaur
challenge_6_test_1304.wav,dinosaur
challenge_6_test_1305.wav,backward
challenge_6_test_1306.wav,crocodile
challenge_6_test_1307.wav,backward
challenge_6_test_1308.wav,elephant
challenge_6_test_1309.wav,crocodile
challenge_6_test_1311.wav,backward
challenge_6_test_1312.wav,crocodile
challenge_6_test_1313.wav,backward
challenge_6_test_1314.wav,backward
challenge_6_test_1315.wav,dinosaur
challenge_6_test_1316.wav,backward
challenge_6_test_1317.wav,backward
challenge_6_test_1318.wav,crocodile
challenge_6_test_1319.wav,dinosaur
challenge_6_test_1320.wav,crocodile
challenge_6_test_1321.wav,elephant
challenge_6_test_1322.wav,elephant
challenge_6_test_1323.wav,backward
challenge_6_test_1324.wav,backward
challenge_6_test_1325.wav,elephant
challenge_6_test_1326.wav,dinosaur
challenge_6_test_1327.wav,backward
challenge_6_test_1328.wav,backward
challenge_6_test_1329.wav,elephant
challenge_6_test_1330.wav,crocodile
challenge_6_test_1331.wav,dinosaur
challenge_6_test_1332.wav,backward
challenge_6_test_1333.wav,elephant
challenge_6_test_1334.wav,elephant
challenge_6_test_1335.wav,forward
challenge_6_test_1336.wav,backward
challenge_6_test_1337.wav,crocodile
challenge_6_test_1338.wav,elephant
challenge_6_test_1339.wav,crocodile
challenge_6_test_1340.wav,forward
challenge_6_test_1341.wav,crocodile
challenge_6_test_1342.wav,elephant
challenge_6_test_1343.wav,backward
challenge_6_test_1344.wav,backward
challenge_6_test_1345.wav,backward
challenge_6_test_1346.wav,crocodile
challenge_6_test_1347.wav,elephant
challenge_6_test_1348.wav,crocodile
challenge_6_test_1349.wav,crocodile
challenge_6_test_1350.wav,crocodile
challenge_6_test_1351.wav,backward
challenge_6_test_1352.wav,backward
challenge_6_test_1353.wav,backward
challenge_6_test_1354.wav,backward
challenge_6_test_1355.wav,backward
challenge_6_test_1356.wav,crocodile
challenge_6_test_1357.wav,crocodile
challenge_6_test_1358.wav,crocodile
challenge_6_test_1359.wav,backward
challenge_6_test_1360.wav,forward
challenge_6_test_1361.wav,backward
challenge_6_test_1362.wav,backward
challenge_6_test_1363.wav,backward
challenge_6_test_1364.wav,crocodile
challenge_6_test_1365.wav,crocodile
challenge_6_test_1366.wav,crocodile
challenge_6_test_1367.wav,forward
challenge_6_test_1368.wav,backward
challenge_6_test_1369.wav,backward
challenge_6_test_1370.wav,dinosaur
challenge_6_test_1371.wav,crocodile
challenge_6_test_1372.wav,backward
challenge_6_test_1373.wav,crocodile
challenge_6_test_1374.wav,backward
challenge_6_test_1375.wav,forward
challenge_6_test_1376.wav,elephant
challenge_6_test_1377.wav,backward
challenge_6_test_1378.wav,crocodile
challenge_6_test_1379.wav,dinosaur
challenge_6_test_1380.wav,backward
challenge_6_test_1381.wav,backward
challenge_6_test_1382.wav,crocodile
challenge_6_test_1383.wav,backward
challenge_6_test_1384.wav,backward
challenge_6_test_1385.wav,backward
challenge_6_test_1386.wav,backward
challenge_6_test_1387.wav,crocodile
challenge_6_test_1388.wav,crocodile
challenge_6_test_1389.wav,backward
challenge_6_test_1391.wav,crocodile
challenge_6_test_1392.wav,elephant
challenge_6_test_1393.wav,crocodile
challenge_6_test_1394.wav,backward
challenge_6_test_1395.wav,backward
challenge_6_test_1396.wav,forward
challenge_6_test_1397.wav,backward
challenge_6_test_1398.wav,elephant
challenge_6_test_1399.wav,elephant
challenge_6_test_1400.wav,backward
challenge_6_test_1401.wav,crocodile
challenge_6_test_1402.wav,backward
challenge_6_test_1403.wav,crocodile
challenge_6_test_1404.wav,backward
challenge_6_test_1405.wav,crocodile
challenge_6_test_1406.wav,backward
challenge_6_test_1407.wav,dinosaur
challenge_6_test_1408.wav,backward
challenge_6_test_1409.wav,backward
challenge_6_test_1410.wav,elephant
challenge_6_test_1411.wav,backward
challenge_6_test_1412.wav,backward
challenge_6_test_1413.wav,backward
challenge_6_test_1414.wav,crocodile
challenge_6_test_1415.wav,crocodile
challenge_6_test_1416.wav,backward
challenge_6_test_1417.wav,backward
challenge_6_test_1418.wav,backward
challenge_6_test_1420.wav,backward
challenge_6_test_1421.wav,crocodile
challenge_6_test_1422.wav,backward
challenge_6_test_1423.wav,dinosaur
challenge_6_test_1424.wav,backward
challenge_6_test_1425.wav,crocodile
challenge_6_test_1426.wav,crocodile
challenge_6_test_1427.wav,elephant
challenge_6_test_1428.wav,backward
challenge_6_test_1429.wav,elephant
challenge_6_test_1430.wav,crocodile
challenge_6_test_1431.wav,crocodile
challenge_6_test_1432.wav,elephant
challenge_6_test_1433.wav,elephant
challenge_6_test_1434.wav,crocodile
challenge_6_test_1435.wav,backward
challenge_6_test_1436.wav,backward
challenge_6_test_1437.wav,crocodile
challenge_6_test_1438.wav,backward
challenge_6_test_1439.wav,crocodile
challenge_6_test_1440.wav,backward
challenge_6_test_1441.wav,backward
challenge_6_test_1442.wav,backward
challenge_6_test_1443.wav,crocodile
challenge_6_test_1444.wav,backward
challenge_6_test_1445.wav,backward
challenge_6_test_1446.wav,backward
challenge_6_test_1447.wav,elephant
challenge_6_test_1448.wav,backward
challenge_6_test_1449.wav,crocodile
challenge_6_test_1450.wav,backward
challenge_6_test_1451.wav,forward
challenge_6_test_1452.wav,backward
challenge_6_test_1453.wav,backward
challenge_6_test_1454.wav,elephant
challenge_6_test_1455.wav,crocodile
challenge_6_test_1456.wav,backward
challenge_6_test_1457.wav,elephant
challenge_6_test_1458.wav,crocodile
challenge_6_test_1459.wav,crocodile
challenge_6_test_1460.wav,crocodile
challenge_6_test_1461.wav,backward
challenge_6_test_1462.wav,backward
challenge_6_test_1463.wav,backward
challenge_6_test_1464.wav,forward
challenge_6_test_1465.wav,backward
challenge_6_test_1466.wav,backward
challenge_6_test_1467.wav,backward
challenge_6_test_1468.wav,backward
challenge_6_test_1469.wav,crocodile
challenge_6_test_1470.wav,crocodile
challenge_6_test_1471.wav,crocodile
challenge_6_test_1472.wav,backward
challenge_6_test_1473.wav,backward
challenge_6_test_1474.wav,forward
challenge_6_test_1475.wav,crocodile
challenge_6_test_1476.wav,backward
challenge_6_test_1477.wav,backward
challenge_6_test_1478.wav,backward
challenge_6_test_1479.wav,backward
challenge_6_test_1480.wav,backward
challenge_6_test_1481.wav,forward
challenge_6_test_1482.wav,backward
challenge_6_test_1483.wav,crocodile
challenge_6_test_1484.wav,crocodile
challenge_6_test_1485.wav,crocodile
challenge_6_test_1486.wav,backward
challenge_6_test_1487.wav,backward
challenge_6_test_1488.wav,crocodile
challenge_6_test_1489.wav,crocodile
challenge_6_test_1490.wav,crocodile
challenge_6_test_1491.wav,backward
challenge_6_test_1492.wav,elephant
challenge_6_test_1493.wav,backward
challenge_6_test_1494.wav,crocodile
challenge_6_test_1495.wav,crocodile
challenge_6_test_1496.wav,elephant
challenge_6_test_1497.wav,crocodile
challenge_6_test_1498.wav,crocodile
challenge_6_test_1499.wav,backward
challenge_6_test_1500.wav,crocodile
challenge_6_test_1501.wav,elephant
challenge_6_test_1502.wav,backward
challenge_6_test_1503.wav,backward
challenge_6_test_1504.wav,backward
challenge_6_test_1505.wav,backward
challenge_6_test_1506.wav,backward
challenge_6_test_1507.wav,crocodile
challenge_6_test_1508.wav,backward
challenge_6_test_1509.wav,crocodile
challenge_6_test_1510.wav,crocodile
challenge_6_test_1511.wav,crocodile
challenge_6_test_1512.wav,backward
challenge_6_test_1513.wav,backward
challenge_6_test_1514.wav,backward
challenge_6_test_1515.wav,crocodile
challenge_6_test_1516.wav,backward
challenge_6_test_1517.wav,backward
challenge_6_test_1518.wav,crocodile
challenge_6_test_1519.wav,backward
challenge_6_test_1520.wav,backward
challenge_6_test_1521.wav,forward
challenge_6_test_1522.wav,elephant
challenge_6_test_1523.wav,elephant
challenge_6_test_1524.wav,elephant
challenge_6_test_1525.wav,backward
challenge_6_test_1526.wav,crocodile
challenge_6_test_1527.wav,elephant
challenge_6_test_1528.wav,backward
challenge_6_test_1529.wav,forward
challenge_6_test_1530.wav,crocodile
challenge_6_test_1531.wav,backward
challenge_6_test_1532.wav,elephant
challenge_6_test_1533.wav,backward
challenge_6_test_1534.wav,forward
challenge_6_test_1535.wav,crocodile
challenge_6_test_1536.wav,elephant
challenge_6_test_1537.wav,backward
challenge_6_test_1538.wav,backward
challenge_6_test_1539.wav,backward
challenge_6_test_1540.wav,backward
challenge_6_test_1541.wav,backward
challenge_6_test_1542.wav,backward
challenge_6_test_1543.wav,backward
challenge_6_test_1544.wav,crocodile
challenge_6_test_1545.wav,crocodile
challenge_6_test_1546.wav,backward
challenge_6_test_1547.wav,crocodile
challenge_6_test_1548.wav,crocodile
challenge_6_test_1549.wav,backward
challenge_6_test_1550.wav,crocodile
challenge_6_test_1551.wav,crocodile
challenge_6_test_1552.wav,backward
challenge_6_test_1553.wav,crocodile
challenge_6_test_1554.wav,crocodile
challenge_6_test_1555.wav,crocodile
challenge_6_test_1556.wav,backward
challenge_6_test_1557.wav,backward
challenge_6_test_1558.wav,crocodile
challenge_6_test_1559.wav,crocodile
challenge_6_test_1560.wav,backward
challenge_6_test_1561.wav,backward
challenge_6_test_1562.wav,elephant
challenge_6_test_1563.wav,backward
challenge_6_test_1564.wav,backward
challenge_6_test_1565.wav,crocodile
challenge_6_test_1566.wav,backward
challenge_6_test_1567.wav,backward
challenge_6_test_1568.wav,backward
challenge_6_test_1569.wav,elephant
challenge_6_test_1570.wav,crocodile
challenge_6_test_1571.wav,backward
challenge_6_test_1572.wav,crocodile
challenge_6_test_1573.wav,crocodile
challenge_6_test_1574.wav,crocodile
challenge_6_test_1575.wav,backward
challenge_6_test_1576.wav,backward
challenge_6_test_1577.wav,crocodile
challenge_6_test_1578.wav,backward
challenge_6_test_1579.wav,crocodile
challenge_6_test_1580.wav,backward
challenge_6_test_1581.wav,elephant
challenge_6_test_1583.wav,backward
challenge_6_test_1584.wav,dinosaur
challenge_6_test_1585.wav,elephant
challenge_6_test_1586.wav,backward
challenge_6_test_1587.wav,elephant
challenge_6_test_1588.wav,crocodile
challenge_6_test_1589.wav,crocodile
challenge_6_test_1590.wav,backward
challenge_6_test_1591.wav,crocodile
challenge_6_test_1592.wav,crocodile
challenge_6_test_1593.wav,forward
challenge_6_test_1594.wav,backward
challenge_6_test_1595.wav,backward
challenge_6_test_1596.wav,backward
challenge_6_test_1597.wav,backward
challenge_6_test_1598.wav,backward
challenge_6_test_1599.wav,crocodile
challenge_6_test_1600.wav,crocodile
challenge_6_test_1601.wav,backward
challenge_6_test_1602.wav,backward
challenge_6_test_1603.wav,crocodile
challenge_6_test_1604.wav,backward
challenge_6_test_1605.wav,backward
challenge_6_test_1606.wav,crocodile
challenge_6_test_1607.wav,backward
challenge_6_test_1608.wav,backward
challenge_6_test_1609.wav,backward
challenge_6_test_1610.wav,backward
challenge_6_test_1611.wav,backward
challenge_6_test_1612.wav,backward
challenge_6_test_1613.wav,backward
challenge_6_test_1614.wav,crocodile
challenge_6_test_1615.wav,backward
challenge_6_test_1616.wav,crocodile
challenge_6_test_1617.wav,crocodile
challenge_6_test_1618.wav,backward
challenge_6_test_1619.wav,backward
challenge_6_test_1620.wav,crocodile
challenge_6_test_1621.wav,backward
challenge_6_test_1622.wav,backward
challenge_6_test_1623.wav,elephant
challenge_6_test_1624.wav,dinosaur
challenge_6_test_1625.wav,crocodile
challenge_6_test_1626.wav,backward
challenge_6_test_1627.wav,backward
challenge_6_test_1628.wav,backward
challenge_6_test_1629.wav,crocodile
challenge_6_test_1630.wav,backward
challenge_6_test_1631.wav,backward
challenge_6_test_1632.wav,crocodile
challenge_6_test_1633.wav,crocodile
challenge_6_test_1634.wav,crocodile
challenge_6_test_1635.wav,backward
challenge_6_test_1636.wav,crocodile
challenge_6_test_1637.wav,backward
challenge_6_test_1638.wav,elephant
challenge_6_test_1639.wav,crocodile
challenge_6_test_1640.wav,crocodile
challenge_6_test_1641.wav,crocodile
challenge_6_test_1642.wav,backward
challenge_6_test_1643.wav,backward
challenge_6_test_1644.wav,backward
challenge_6_test_1645.wav,backward
challenge_6_test_1646.wav,backward
challenge_6_test_1647.wav,crocodile
challenge_6_test_1649.wav,crocodile
challenge_6_test_1650.wav,backward
challenge_6_test_1651.wav,crocodile
challenge_6_test_1652.wav,backward
challenge_6_test_1653.wav,crocodile
challenge_6_test_1654.wav,dinosaur
challenge_6_test_1655.wav,backward
challenge_6_test_1656.wav,backward
challenge_6_test_1657.wav,crocodile
challenge_6_test_1658.wav,backward
challenge_6_test_1659.wav,backward
challenge_6_test_1660.wav,crocodile
challenge_6_test_1661.wav,backward
challenge_6_test_1662.wav,elephant
challenge_6_test_1663.wav,crocodile
challenge_6_test_1664.wav,crocodile
challenge_6_test_1665.wav,backward
challenge_6_test_1666.wav,backward
challenge_6_test_1667.wav,backward
challenge_6_test_1668.wav,elephant
challenge_6_test_1669.wav,crocodile
challenge_6_test_1670.wav,backward
challenge_6_test_1671.wav,crocodile
challenge_6_test_1672.wav,backward
challenge_6_test_1673.wav,crocodile
challenge_6_test_1674.wav,dinosaur
challenge_6_test_1675.wav,backward
challenge_6_test_1676.wav,elephant
challenge_6_test_1677.wav,dinosaur
challenge_6_test_1678.wav,backward
challenge_6_test_1679.wav,backward
challenge_6_test_1680.wav,crocodile
challenge_6_test_1681.wav,crocodile
challenge_6_test_1682.wav,backward
challenge_6_test_1683.wav,crocodile
challenge_6_test_1684.wav,crocodile
challenge_6_test_1685.wav,elephant
challenge_6_test_1686.wav,dinosaur
challenge_6_test_1687.wav,backward
challenge_6_test_1688.wav,backward
challenge_6_test_1689.wav,backward
challenge_6_test_1690.wav,crocodile
challenge_6_test_1691.wav,backward
challenge_6_test_1693.wav,backward
challenge_6_test_1694.wav,backward
challenge_6_test_1695.wav,crocodile
challenge_6_test_1696.wav,backward
challenge_6_test_1697.wav,backward
challenge_6_test_1698.wav,backward
challenge_6_test_1699.wav,crocodile
challenge_6_test_1700.wav,crocodile
challenge_6_test_1701.wav,crocodile
challenge_6_test_1702.wav,backward
challenge_6_test_1703.wav,backward
challenge_6_test_1704.wav,crocodile
challenge_6_test_1705.wav,backward
challenge_6_test_1706.wav,elephant
challenge_6_test_1707.wav,dinosaur
challenge_6_test_1708.wav,backward
challenge_6_test_1709.wav,crocodile
challenge_6_test_1710.wav,backward
challenge_6_test_1711.wav,crocodile
challenge_6_test_1712.wav,backward
challenge_6_test_1713.wav,backward
challenge_6_test_1714.wav,backward
challenge_6_test_1715.wav,crocodile
challenge_6_test_1716.wav,backward
challenge_6_test_1717.wav,backward
challenge_6_test_1718.wav,crocodile
challenge_6_test_1719.wav,crocodile
challenge_6_test_1720.wav,crocodile
challenge_6_test_1721.wav,backward
challenge_6_test_1722.wav,backward
challenge_6_test_1723.wav,elephant
challenge_6_test_1724.wav,forward
challenge_6_test_1725.wav,forward
challenge_6_test_1726.wav,backward
challenge_6_test_1727.wav,crocodile
challenge_6_test_1728.wav,backward
challenge_6_test_1729.wav,crocodile
challenge_6_test_1730.wav,backward
challenge_6_test_1731.wav,backward
challenge_6_test_1732.wav,backward
challenge_6_test_1733.wav,backward
challenge_6_test_1734.wav,backward
challenge_6_test_1735.wav,crocodile
challenge_6_test_1736.wav,backward
challenge_6_test_1737.wav,crocodile
challenge_6_test_1738.wav,elephant
challenge_6_test_1739.wav,crocodile
challenge_6_test_1740.wav,elephant
challenge_6_test_1741.wav,crocodile
challenge_6_test_1742.wav,backward
challenge_6_test_1743.wav,crocodile
challenge_6_test_1744.wav,backward
challenge_6_test_1745.wav,crocodile
challenge_6_test_1746.wav,crocodile
challenge_6_test_1747.wav,crocodile
challenge_6_test_1748.wav,elephant
challenge_6_test_1749.wav,crocodile
challenge_6_test_1750.wav,backward
challenge_6_test_1751.wav,backward
challenge_6_test_1752.wav,backward
challenge_6_test_1753.wav,backward
challenge_6_test_1754.wav,crocodile
challenge_6_test_1755.wav,backward
challenge_6_test_1756.wav,backward
challenge_6_test_1757.wav,elephant
challenge_6_test_1758.wav,backward
challenge_6_test_1759.wav,backward
challenge_6_test_1760.wav,elephant
challenge_6_test_1761.wav,crocodile
challenge_6_test_1762.wav,backward
challenge_6_test_1763.wav,crocodile
challenge_6_test_1764.wav,elephant
challenge_6_test_1765.wav,dinosaur
challenge_6_test_1766.wav,crocodile
challenge_6_test_1767.wav,crocodile
challenge_6_test_1768.wav,backward
challenge_6_test_1769.wav,backward
challenge_6_test_1770.wav,backward
challenge_6_test_1771.wav,crocodile
challenge_6_test_1772.wav,backward
challenge_6_test_1773.wav,backward
challenge_6_test_1774.wav,crocodile
challenge_6_test_1775.wav,crocodile
challenge_6_test_1776.wav,backward
challenge_6_test_1777.wav,crocodile
challenge_6_test_1778.wav,backward
challenge_6_test_1779.wav,elephant
challenge_6_test_1780.wav,elephant
challenge_6_test_1781.wav,forward
challenge_6_test_1782.wav,backward
challenge_6_test_1783.wav,backward
challenge_6_test_1784.wav,crocodile
challenge_6_test_1785.wav,elephant
challenge_6_test_1786.wav,backward
challenge_6_test_1787.wav,backward
challenge_6_test_1788.wav,elephant
challenge_6_test_1789.wav,elephant
challenge_6_test_1790.wav,backward
challenge_6_test_1791.wav,crocodile
challenge_6_test_1792.wav,backward
challenge_6_test_1793.wav,backward
challenge_6_test_1794.wav,crocodile
challenge_6_test_1795.wav,dinosaur
challenge_6_test_1796.wav,crocodile
challenge_6_test_1797.wav,crocodile
challenge_6_test_1798.wav,crocodile
challenge_6_test_1799.wav,crocodile
challenge_6_test_1800.wav,backward
challenge_6_test_1801.wav,backward
challenge_6_test_1802.wav,crocodile
challenge_6_test_1803.wav,elephant
challenge_6_test_1804.wav,crocodile
challenge_6_test_1805.wav,backward
challenge_6_test_1806.wav,crocodile
challenge_6_test_1807.wav,elephant
challenge_6_test_1808.wav,crocodile
challenge_6_test_1809.wav,backward
challenge_6_test_1810.wav,crocodile
challenge_6_test_1811.wav,backward
challenge_6_test_1812.wav,dinosaur
challenge_6_test_1813.wav,backward
challenge_6_test_1814.wav,elephant
challenge_6_test_1815.wav,elephant
challenge_6_test_1816.wav,crocodile
challenge_6_test_1817.wav,elephant
challenge_6_test_1818.wav,crocodile
challenge_6_test_1819.wav,backward
challenge_6_test_1820.wav,backward
challenge_6_test_1821.wav,elephant
challenge_6_test_1822.wav,forward
challenge_6_test_1823.wav,backward
challenge_6_test_1824.wav,crocodile
challenge_6_test_1825.wav,backward
challenge_6_test_1826.wav,backward
challenge_6_test_1827.wav,crocodile
challenge_6_test_1828.wav,backward
challenge_6_test_1829.wav,backward
challenge_6_test_1830.wav,crocodile
challenge_6_test_1831.wav,backward
challenge_6_test_1832.wav,backward
challenge_6_test_1833.wav,crocodile
challenge_6_test_1834.wav,forward
challenge_6_test_1835.wav,elephant
challenge_6_test_1836.wav,backward
challenge_6_test_1837.wav,crocodile
challenge_6_test_1838.wav,crocodile
challenge_6_test_1839.wav,forward
challenge_6_test_1840.wav,forward
challenge_6_test_1841.wav,forward
challenge_6_test_1842.wav,backward
challenge_6_test_1843.wav,crocodile
challenge_6_test_1844.wav,crocodile
challenge_6_test_1845.wav,crocodile
challenge_6_test_1846.wav,crocodile
challenge_6_test_1847.wav,crocodile
challenge_6_test_1848.wav,crocodile
challenge_6_test_1849.wav,backward
challenge_6_test_1850.wav,forward
challenge_6_test_1851.wav,backward
challenge_6_test_1852.wav,backward
challenge_6_test_1853.wav,backward
challenge_6_test_1854.wav,backward
challenge_6_test_1855.wav,backward
challenge_6_test_1856.wav,backward
challenge_6_test_1857.wav,backward
challenge_6_test_1858.wav,crocodile
challenge_6_test_1859.wav,forward
challenge_6_test_1860.wav,crocodile
challenge_6_test_1861.wav,crocodile
challenge_6_test_1862.wav,backward
challenge_6_test_1863.wav,backward
challenge_6_test_1864.wav,crocodile
challenge_6_test_1865.wav,crocodile
challenge_6_test_1866.wav,backward
challenge_6_test_1867.wav,forward
challenge_6_test_1868.wav,backward
challenge_6_test_1869.wav,dinosaur
challenge_6_test_1870.wav,forward
challenge_6_test_1871.wav,backward
challenge_6_test_1872.wav,backward
challenge_6_test_1873.wav,crocodile
challenge_6_test_1874.wav,backward
challenge_6_test_1875.wav,elephant
challenge_6_test_1876.wav,backward
challenge_6_test_1877.wav,crocodile
challenge_6_test_1878.wav,backward
challenge_6_test_1879.wav,backward
challenge_6_test_1880.wav,backward
challenge_6_test_1881.wav,backward
challenge_6_test_1882.wav,backward
challenge_6_test_1883.wav,forward
challenge_6_test_1884.wav,forward
challenge_6_test_1885.wav,crocodile
challenge_6_test_1886.wav,crocodile
challenge_6_test_1887.wav,dinosaur
challenge_6_test_1888.wav,backward
challenge_6_test_1889.wav,elephant
challenge_6_test_1890.wav,crocodile
challenge_6_test_1891.wav,crocodile
challenge_6_test_1892.wav,backward
challenge_6_test_1893.wav,backward
challenge_6_test_1894.wav,crocodile
challenge_6_test_1895.wav,crocodile
challenge_6_test_1896.wav,backward
challenge_6_test_1897.wav,crocodile
challenge_6_test_1898.wav,crocodile
challenge_6_test_1899.wav,backward
challenge_6_test_1900.wav,crocodile
challenge_6_test_1901.wav,backward
challenge_6_test_1902.wav,backward
challenge_6_test_1903.wav,backward
challenge_6_test_1904.wav,crocodile
challenge_6_test_1905.wav,backward
challenge_6_test_1906.wav,backward
challenge_6_test_1907.wav,backward
challenge_6_test_1908.wav,crocodile
challenge_6_test_1909.wav,backward
challenge_6_test_1910.wav,crocodile
challenge_6_test_1911.wav,backward
challenge_6_test_1912.wav,backward
challenge_6_test_1913.wav,crocodile
challenge_6_test_1914.wav,crocodile
challenge_6_test_1915.wav,backward
challenge_6_test_1916.wav,crocodile
challenge_6_test_1917.wav,backward
challenge_6_test_1918.wav,backward
challenge_6_test_1919.wav,crocodile
challenge_6_test_1920.wav,backward
challenge_6_test_1921.wav,crocodile
challenge_6_test_1922.wav,crocodile
challenge_6_test_1923.wav,crocodile
challenge_6_test_1924.wav,backward
challenge_6_test_1925.wav,backward
challenge_6_test_1926.wav,backward
challenge_6_test_1927.wav,backward
challenge_6_test_1928.wav,elephant
challenge_6_test_1929.wav,backward
challenge_6_test_1930.wav,backward
challenge_6_test_1931.wav,dinosaur
challenge_6_test_1932.wav,backward
challenge_6_test_1933.wav,backward
challenge_6_test_1934.wav,crocodile
challenge_6_test_1935.wav,crocodile
challenge_6_test_1936.wav,crocodile
challenge_6_test_1937.wav,backward
challenge_6_test_1938.wav,crocodile
challenge_6_test_1939.wav,backward
challenge_6_test_1940.wav,crocodile
challenge_6_test_1941.wav,backward
challenge_6_test_1942.wav,backward
challenge_6_test_1943.wav,dinosaur
challenge_6_test_1944.wav,backward
challenge_6_test_1945.wav,crocodile
challenge_6_test_1946.wav,backward
challenge_6_test_1947.wav,backward
challenge_6_test_1948.wav,backward
challenge_6_test_1949.wav,backward
challenge_6_test_1950.wav,crocodile
challenge_6_test_1951.wav,elephant
challenge_6_test_1952.wav,backward
challenge_6_test_1953.wav,backward
challenge_6_test_1955.wav,backward
challenge_6_test_1956.wav,backward
challenge_6_test_1957.wav,backward
challenge_6_test_1958.wav,backward
challenge_6_test_1959.wav,crocodile
challenge_6_test_1960.wav,crocodile
challenge_6_test_1961.wav,backward
challenge_6_test_1962.wav,backward
challenge_6_test_1963.wav,backward
challenge_6_test_1964.wav,backward
challenge_6_test_1965.wav,backward
challenge_6_test_1966.wav,backward
challenge_6_test_1967.wav,backward
challenge_6_test_1968.wav,backward
challenge_6_test_1969.wav,forward
challenge_6_test_1970.wav,backward
challenge_6_test_1971.wav,backward
challenge_6_test_1972.wav,crocodile
challenge_6_test_1973.wav,crocodile
challenge_6_test_1974.wav,crocodile
challenge_6_test_1975.wav,crocodile
challenge_6_test_1976.wav,backward
challenge_6_test_1977.wav,forward
challenge_6_test_1978.wav,crocodile
challenge_6_test_1979.wav,crocodile
challenge_6_test_1980.wav,crocodile
challenge_6_test_1981.wav,backward
challenge_6_test_1982.wav,backward
challenge_6_test_1983.wav,dinosaur
challenge_6_test_1984.wav,backward
challenge_6_test_1985.wav,backward
challenge_6_test_1986.wav,forward
challenge_6_test_1987.wav,crocodile
challenge_6_test_1988.wav,backward
challenge_6_test_1989.wav,backward
challenge_6_test_1990.wav,backward
challenge_6_test_1991.wav,crocodile
challenge_6_test_1992.wav,backward
challenge_6_test_1993.wav,backward
challenge_6_test_1994.wav,backward
challenge_6_test_1995.wav,elephant
challenge_6_test_1996.wav,elephant
challenge_6_test_1997.wav,elephant
challenge_6_test_1998.wav,crocodile
challenge_6_test_1999.wav,backward
challenge_6_test_2000.wav,crocodile
challenge_6_test_2001.wav,crocodile
challenge_6_test_2002.wav,elephant
challenge_6_test_2003.wav,crocodile
challenge_6_test_2004.wav,elephant
challenge_6_test_2005.wav,backward
challenge_6_test_2006.wav,backward
challenge_6_test_2007.wav,backward
challenge_6_test_2008.wav,backward
challenge_6_test_2009.wav,backward
challenge_6_test_2010.wav,crocodile
challenge_6_test_2011.wav,crocodile
challenge_6_test_2012.wav,forward
challenge_6_test_2013.wav,backward
challenge_6_test_2014.wav,backward
challenge_6_test_2015.wav,backward
challenge_6_test_2016.wav,backward
challenge_6_test_2017.wav,crocodile
challenge_6_test_2018.wav,backward
challenge_6_test_2019.wav,crocodile
challenge_6_test_2020.wav,backward
challenge_6_test_2021.wav,backward
challenge_6_test_2022.wav,crocodile
challenge_6_test_2023.wav,forward
challenge_6_test_2024.wav,backward
challenge_6_test_2025.wav,crocodile
challenge_6_test_2027.wav,elephant
challenge_6_test_2028.wav,backward
challenge_6_test_2029.wav,forward
challenge_6_test_2030.wav,backward
challenge_6_test_2031.wav,crocodile
challenge_6_test_2032.wav,backward
challenge_6_test_2033.wav,forward
challenge_6_test_2034.wav,elephant
challenge_6_test_2035.wav,backward
challenge_6_test_2036.wav,elephant
challenge_6_test_2037.wav,forward
challenge_6_test_2038.wav,elephant
challenge_6_test_2039.wav,backward
challenge_6_test_2040.wav,dinosaur
challenge_6_test_2041.wav,backward
challenge_6_test_2042.wav,elephant
challenge_6_test_2043.wav,forward
challenge_6_test_2044.wav,backward
challenge_6_test_2045.wav,backward
challenge_6_test_2046.wav,elephant
challenge_6_test_2047.wav,crocodile
challenge_6_test_2048.wav,crocodile
challenge_6_test_2049.wav,elephant
challenge_6_test_2050.wav,backward
challenge_6_test_2051.wav,backward
challenge_6_test_2052.wav,backward
challenge_6_test_2053.wav,backward
challenge_6_test_2054.wav,elephant
challenge_6_test_2055.wav,crocodile
challenge_6_test_2056.wav,backward
challenge_6_test_2057.wav,backward
challenge_6_test_2058.wav,backward
challenge_6_test_2059.wav,backward
challenge_6_test_2060.wav,elephant
challenge_6_test_2061.wav,backward
challenge_6_test_2062.wav,elephant
challenge_6_test_2063.wav,backward
challenge_6_test_2064.wav,dinosaur
challenge_6_test_2065.wav,backward
challenge_6_test_2066.wav,dinosaur
challenge_6_test_2067.wav,backward
challenge_6_test_2068.wav,elephant
challenge_6_test_2069.wav,crocodile
challenge_6_test_2070.wav,backward
challenge_6_test_2071.wav,backward
challenge_6_test_2072.wav,backward
challenge_6_test_2073.wav,dinosaur
challenge_6_test_2074.wav,dinosaur
challenge_6_test_2075.wav,elephant
challenge_6_test_2076.wav,backward
challenge_6_test_2077.wav,backward
challenge_6_test_2078.wav,backward
challenge_6_test_2079.wav,backward
challenge_6_test_2080.wav,dinosaur
challenge_6_test_2081.wav,elephant
challenge_6_test_2082.wav,crocodile
challenge_6_test_2083.wav,backward
challenge_6_test_2084.wav,forward
challenge_6_test_2085.wav,crocodile
challenge_6_test_2086.wav,backward
challenge_6_test_2087.wav,dinosaur
challenge_6_test_2088.wav,crocodile
challenge_6_test_2089.wav,backward
challenge_6_test_2090.wav,forward
challenge_6_test_2091.wav,backward
challenge_6_test_2092.wav,backward
challenge_6_test_2093.wav,backward
challenge_6_test_2094.wav,backward
challenge_6_test_2095.wav,backward
challenge_6_test_2096.wav,backward
challenge_6_test_2097.wav,backward
challenge_6_test_2098.wav,backward
challenge_6_test_2099.wav,forward
challenge_6_test_2100.wav,crocodile
challenge_6_test_2101.wav,backward
challenge_6_test_2102.wav,backward
challenge_6_test_2103.wav,backward
challenge_6_test_2104.wav,forward
challenge_6_test_2105.wav,elephant
challenge_6_test_2106.wav,crocodile
challenge_6_test_2107.wav,backward
challenge_6_test_2108.wav,crocodile
challenge_6_test_2109.wav,forward
challenge_6_test_2110.wav,dinosaur
challenge_6_test_2111.wav,crocodile
challenge_6_test_2112.wav,backward
challenge_6_test_2113.wav,dinosaur
challenge_6_test_2114.wav,dinosaur
challenge_6_test_2115.wav,dinosaur
challenge_6_test_2116.wav,elephant
challenge_6_test_2117.wav,crocodile
challenge_6_test_2118.wav,crocodile
challenge_6_test_2119.wav,backward
challenge_6_test_2120.wav,backward
challenge_6_test_2121.wav,backward
challenge_6_test_2122.wav,dinosaur
challenge_6_test_2124.wav,backward
challenge_6_test_2125.wav,crocodile
challenge_6_test_2126.wav,dinosaur
challenge_6_test_2127.wav,crocodile
challenge_6_test_2128.wav,crocodile
challenge_6_test_2129.wav,backward
challenge_6_test_2130.wav,backward
challenge_6_test_2131.wav,crocodile
challenge_6_test_2132.wav,forward
challenge_6_test_2133.wav,crocodile
challenge_6_test_2134.wav,backward
challenge_6_test_2135.wav,forward
challenge_6_test_2136.wav,forward
challenge_6_test_2137.wav,dinosaur
challenge_6_test_2138.wav,forward
challenge_6_test_2139.wav,backward
challenge_6_test_2140.wav,backward
challenge_6_test_2141.wav,backward
challenge_6_test_2142.wav,crocodile
challenge_6_test_2143.wav,crocodile
challenge_6_test_2144.wav,backward
challenge_6_test_2145.wav,backward
challenge_6_test_2146.wav,backward
challenge_6_test_2147.wav,elephant
challenge_6_test_2148.wav,backward
challenge_6_test_2149.wav,backward
challenge_6_test_2150.wav,forward
challenge_6_test_2151.wav,dinosaur
challenge_6_test_2152.wav,dinosaur
challenge_6_test_2153.wav,backward
challenge_6_test_2155.wav,backward
challenge_6_test_2156.wav,backward
challenge_6_test_2157.wav,backward
challenge_6_test_2158.wav,elephant
challenge_6_test_2159.wav,backward
challenge_6_test_2160.wav,elephant
challenge_6_test_2161.wav,elephant
challenge_6_test_2162.wav,elephant
challenge_6_test_2163.wav,backward
challenge_6_test_2164.wav,elephant
challenge_6_test_2165.wav,dinosaur
challenge_6_test_2166.wav,backward
challenge_6_test_2167.wav,backward
challenge_6_test_2168.wav,backward
challenge_6_test_2169.wav,dinosaur
challenge_6_test_2170.wav,backward
challenge_6_test_2171.wav,backward
challenge_6_test_2172.wav,backward
challenge_6_test_2173.wav,dinosaur
challenge_6_test_2174.wav,crocodile
challenge_6_test_2175.wav,backward
challenge_6_test_2176.wav,backward
challenge_6_test_2177.wav,crocodile
challenge_6_test_2178.wav,crocodile
challenge_6_test_2179.wav,dinosaur
challenge_6_test_2180.wav,forward
challenge_6_test_2181.wav,crocodile
challenge_6_test_2182.wav,backward
challenge_6_test_2183.wav,backward
challenge_6_test_2184.wav,crocodile
challenge_6_test_2185.wav,dinosaur
challenge_6_test_2186.wav,crocodile
challenge_6_test_2187.wav,elephant
challenge_6_test_2188.wav,elephant
challenge_6_test_2189.wav,backward
challenge_6_test_2191.wav,dinosaur
challenge_6_test_2192.wav,backward
challenge_6_test_2193.wav,elephant
challenge_6_test_2194.wav,forward
challenge_6_test_2195.wav,backward
challenge_6_test_2196.wav,backward
challenge_6_test_2197.wav,forward
challenge_6_test_2198.wav,crocodile
challenge_6_test_2199.wav,backward
challenge_6_test_2200.wav,backward
challenge_6_test_2201.wav,backward
challenge_6_test_2202.wav,dinosaur
challenge_6_test_2203.wav,dinosaur
challenge_6_test_2204.wav,elephant
challenge_6_test_2205.wav,crocodile
challenge_6_test_2206.wav,crocodile
challenge_6_test_2207.wav,backward
challenge_6_test_2208.wav,backward
challenge_6_test_2209.wav,backward
challenge_6_test_2210.wav,backward
challenge_6_test_2211.wav,elephant
challenge_6_test_2212.wav,forward
challenge_6_test_2213.wav,crocodile
challenge_6_test_2214.wav,crocodile
challenge_6_test_2215.wav,crocodile
challenge_6_test_2216.wav,backward
challenge_6_test_2217.wav,backward
challenge_6_test_2218.wav,crocodile
challenge_6_test_2219.wav,backward
challenge_6_test_2220.wav,elephant
challenge_6_test_2221.wav,forward
challenge_6_test_2223.wav,elephant
challenge_6_test_2224.wav,backward
challenge_6_test_2225.wav,backward
challenge_6_test_2226.wav,forward
challenge_6_test_2227.wav,backward
challenge_6_test_2228.wav,crocodile
challenge_6_test_2229.wav,backward
challenge_6_test_2230.wav,forward
challenge_6_test_2231.wav,crocodile
challenge_6_test_2232.wav,dinosaur
challenge_6_test_2233.wav,elephant
challenge_6_test_2234.wav,backward
challenge_6_test_2235.wav,backward
challenge_6_test_2236.wav,forward
challenge_6_test_2237.wav,crocodile
challenge_6_test_2238.wav,crocodile
challenge_6_test_2239.wav,backward
challenge_6_test_2240.wav,backward
challenge_6_test_2241.wav,crocodile
challenge_6_test_2242.wav,backward
challenge_6_test_2243.wav,forward
challenge_6_test_2244.wav,backward
challenge_6_test_2245.wav,backward
challenge_6_test_2246.wav,backward
challenge_6_test_2247.wav,dinosaur
challenge_6_test_2248.wav,forward
challenge_6_test_2249.wav,backward
challenge_6_test_2250.wav,crocodile
challenge_6_test_2251.wav,backward
challenge_6_test_2252.wav,backward
challenge_6_test_2253.wav,crocodile
challenge_6_test_2254.wav,backward
challenge_6_test_2255.wav,dinosaur
challenge_6_test_2256.wav,crocodile
challenge_6_test_2257.wav,dinosaur
challenge_6_test_2258.wav,crocodile
challenge_6_test_2259.wav,backward
challenge_6_test_2260.wav,backward
challenge_6_test_2261.wav,elephant
challenge_6_test_2262.wav,backward
challenge_6_test_2263.wav,backward
challenge_6_test_2264.wav,dinosaur
challenge_6_test_2265.wav,dinosaur
challenge_6_test_2266.wav,backward
challenge_6_test_2267.wav,backward
challenge_6_test_2268.wav,backward
challenge_6_test_2269.wav,crocodile
challenge_6_test_2270.wav,forward
challenge_6_test_2271.wav,elephant
challenge_6_test_2272.wav,elephant
challenge_6_test_2273.wav,crocodile
challenge_6_test_2274.wav,backward
challenge_6_test_2275.wav,forward
challenge_6_test_2276.wav,forward
challenge_6_test_2277.wav,dinosaur
challenge_6_test_2278.wav,crocodile
challenge_6_test_2279.wav,dinosaur
challenge_6_test_2280.wav,backward
challenge_6_test_2282.wav,elephant
challenge_6_test_2283.wav,crocodile
challenge_6_test_2284.wav,backward
challenge_6_test_2285.wav,backward
challenge_6_test_2286.wav,backward
challenge_6_test_2287.wav,dinosaur
challenge_6_test_2288.wav,elephant
challenge_6_test_2289.wav,backward
challenge_6_test_2290.wav,backward
challenge_6_test_2291.wav,crocodile
challenge_6_test_2292.wav,backward
challenge_6_test_2293.wav,backward
challenge_6_test_2294.wav,dinosaur
challenge_6_test_2295.wav,forward
challenge_6_test_2296.wav,dinosaur
challenge_6_test_2297.wav,elephant
challenge_6_test_2298.wav,backward
challenge_6_test_2299.wav,backward
challenge_6_test_2300.wav,dinosaur
challenge_6_test_2301.wav,crocodile
challenge_6_test_2302.wav,backward
challenge_6_test_2303.wav,backward
challenge_6_test_2304.wav,backward
challenge_6_test_2305.wav,forward
challenge_6_test_2306.wav,crocodile
challenge_6_test_2307.wav,forward
challenge_6_test_2308.wav,backward
challenge_6_test_2309.wav,dinosaur
challenge_6_test_2310.wav,forward
challenge_6_test_2311.wav,dinosaur
challenge_6_test_2312.wav,forward
challenge_6_test_2313.wav,forward
challenge_6_test_2314.wav,backward
challenge_6_test_2315.wav,backward
challenge_6_test_2316.wav,backward
challenge_6_test_2317.wav,backward
challenge_6_test_2318.wav,dinosaur
challenge_6_test_2319.wav,backward
challenge_6_test_2320.wav,elephant
challenge_6_test_2321.wav,backward
challenge_6_test_2323.wav,dinosaur
challenge_6_test_2324.wav,dinosaur
challenge_6_test_2325.wav,crocodile
challenge_6_test_2326.wav,backward
challenge_6_test_2327.wav,backward
challenge_6_test_2328.wav,forward
challenge_6_test_2329.wav,elephant
challenge_6_test_2330.wav,crocodile
challenge_6_test_2331.wav,backward
challenge_6_test_2332.wav,backward
challenge_6_test_2333.wav,dinosaur
challenge_6_test_2334.wav,backward
challenge_6_test_2335.wav,backward
challenge_6_test_2336.wav,forward
challenge_6_test_2337.wav,backward
challenge_6_test_2338.wav,backward
challenge_6_test_2339.wav,dinosaur
challenge_6_test_2340.wav,dinosaur
challenge_6_test_2341.wav,crocodile
challenge_6_test_2342.wav,backward
challenge_6_test_2343.wav,dinosaur
challenge_6_test_2344.wav,elephant
challenge_6_test_2345.wav,forward
challenge_6_test_2346.wav,elephant
challenge_6_test_2347.wav,crocodile
challenge_6_test_2348.wav,backward
challenge_6_test_2349.wav,backward
challenge_6_test_2350.wav,backward
challenge_6_test_2351.wav,forward
challenge_6_test_2352.wav,backward
challenge_6_test_2353.wav,elephant
challenge_6_test_2354.wav,elephant
challenge_6_test_2355.wav,dinosaur
challenge_6_test_2356.wav,dinosaur
challenge_6_test_2357.wav,crocodile
challenge_6_test_2358.wav,dinosaur
challenge_6_test_2359.wav,dinosaur
challenge_6_test_2360.wav,backward
challenge_6_test_2361.wav,backward
challenge_6_test_2362.wav,backward
challenge_6_test_2363.wav,dinosaur
challenge_6_test_2364.wav,backward
challenge_6_test_2365.wav,backward
challenge_6_test_2366.wav,elephant
challenge_6_test_2367.wav,backward
challenge_6_test_2368.wav,backward
challenge_6_test_2369.wav,elephant
challenge_6_test_2370.wav,crocodile
challenge_6_test_2371.wav,elephant
challenge_6_test_2372.wav,dinosaur
challenge_6_test_2373.wav,backward
challenge_6_test_2374.wav,backward
challenge_6_test_2375.wav,backward
challenge_6_test_2377.wav,forward
challenge_6_test_2378.wav,backward
challenge_6_test_2379.wav,elephant
challenge_6_test_2380.wav,backward
challenge_6_test_2381.wav,crocodile
challenge_6_test_2382.wav,backward
challenge_6_test_2383.wav,backward
challenge_6_test_2384.wav,crocodile
challenge_6_test_2385.wav,dinosaur
challenge_6_test_2386.wav,elephant
challenge_6_test_2387.wav,backward
challenge_6_test_2388.wav,backward
challenge_6_test_2389.wav,backward
challenge_6_test_2390.wav,backward
challenge_6_test_2391.wav,backward
challenge_6_test_2392.wav,backward
challenge_6_test_2393.wav,elephant
challenge_6_test_2394.wav,backward
challenge_6_test_2395.wav,elephant
challenge_6_test_2396.wav,backward
challenge_6_test_2397.wav,dinosaur
challenge_6_test_2398.wav,backward
challenge_6_test_2399.wav,crocodile
challenge_6_test_2401.wav,backward
challenge_6_test_2402.wav,backward
challenge_6_test_2403.wav,backward
challenge_6_test_2404.wav,backward
challenge_6_test_2405.wav,dinosaur
challenge_6_test_2406.wav,backward
challenge_6_test_2407.wav,elephant
challenge_6_test_2408.wav,crocodile
challenge_6_test_2409.wav,elephant
challenge_6_test_2410.wav,backward
challenge_6_test_2411.wav,dinosaur
challenge_6_test_2412.wav,crocodile
challenge_6_test_2413.wav,dinosaur
challenge_6_test_2414.wav,crocodile
challenge_6_test_2415.wav,elephant
challenge_6_test_2416.wav,backward
challenge_6_test_2417.wav,backward
challenge_6_test_2418.wav,crocodile
challenge_6_test_2419.wav,backward
challenge_6_test_2420.wav,backward
challenge_6_test_2421.wav,backward
challenge_6_test_2422.wav,backward
challenge_6_test_2423.wav,backward
challenge_6_test_2424.wav,dinosaur
challenge_6_test_2425.wav,dinosaur
challenge_6_test_2426.wav,backward
challenge_6_test_2427.wav,dinosaur
challenge_6_test_2428.wav,backward
challenge_6_test_2429.wav,backward
challenge_6_test_2430.wav,forward
challenge_6_test_2431.wav,backward
challenge_6_test_2432.wav,elephant
challenge_6_test_2433.wav,elephant
challenge_6_test_2434.wav,elephant
challenge_6_test_2435.wav,backward
challenge_6_test_2436.wav,forward
challenge_6_test_2437.wav,forward
challenge_6_test_2438.wav,backward
challenge_6_test_2439.wav,forward
challenge_6_test_2440.wav,forward
challenge_6_test_2441.wav,forward
challenge_6_test_2442.wav,elephant
challenge_6_test_2443.wav,backward
challenge_6_test_2444.wav,forward
challenge_6_test_2445.wav,elephant
challenge_6_test_2446.wav,forward
challenge_6_test_2447.wav,backward
challenge_6_test_2448.wav,elephant
challenge_6_test_2449.wav,forward
challenge_6_test_2450.wav,forward
challenge_6_test_2451.wav,backward
challenge_6_test_2452.wav,forward
challenge_6_test_2453.wav,forward
challenge_6_test_2454.wav,crocodile
challenge_6_test_2455.wav,forward
challenge_6_test_2456.wav,forward
challenge_6_test_2457.wav,forward
challenge_6_test_2458.wav,elephant
challenge_6_test_2459.wav,forward
challenge_6_test_2460.wav,elephant
challenge_6_test_2461.wav,forward
challenge_6_test_2462.wav,elephant
challenge_6_test_2463.wav,elephant
challenge_6_test_2464.wav,backward
challenge_6_test_2465.wav,elephant
challenge_6_test_2466.wav,forward
challenge_6_test_2467.wav,crocodile
challenge_6_test_2468.wav,elephant
challenge_6_test_2469.wav,forward
challenge_6_test_2470.wav,elephant
challenge_6_test_2471.wav,forward
challenge_6_test_2472.wav,backward
challenge_6_test_2473.wav,elephant
challenge_6_test_2474.wav,elephant
challenge_6_test_2475.wav,dinosaur
challenge_6_test_2476.wav,backward
challenge_6_test_2478.wav,backward
challenge_6_test_2479.wav,elephant
challenge_6_test_2480.wav,elephant
challenge_6_test_2481.wav,forward
challenge_6_test_2482.wav,crocodile
challenge_6_test_2483.wav,elephant
challenge_6_test_2484.wav,backward
challenge_6_test_2485.wav,dinosaur
challenge_6_test_2486.wav,crocodile
challenge_6_test_2487.wav,backward
challenge_6_test_2488.wav,backward
challenge_6_test_2489.wav,dinosaur
challenge_6_test_2490.wav,backward
challenge_6_test_2491.wav,elephant
challenge_6_test_2492.wav,backward
challenge_6_test_2493.wav,crocodile
challenge_6_test_2494.wav,dinosaur
challenge_6_test_2495.wav,backward
challenge_6_test_2496.wav,backward
challenge_6_test_2497.wav,crocodile
challenge_6_test_2498.wav,backward
challenge_6_test_2499.wav,crocodile
challenge_6_test_2500.wav,backward
challenge_6_test_2501.wav,forward
challenge_6_test_2502.wav,elephant
challenge_6_test_2503.wav,backward
challenge_6_test_2504.wav,elephant
challenge_6_test_2505.wav,backward
challenge_6_test_2506.wav,elephant
challenge_6_test_2507.wav,elephant
challenge_6_test_2508.wav,elephant
challenge_6_test_2509.wav,forward
challenge_6_test_2510.wav,forward
challenge_6_test_2511.wav,crocodile
challenge_6_test_2512.wav,backward
challenge_6_test_2513.wav,crocodile
challenge_6_test_2514.wav,elephant
challenge_6_test_2515.wav,backward
challenge_6_test_2516.wav,elephant
challenge_6_test_2517.wav,forward
challenge_6_test_2518.wav,forward
challenge_6_test_2519.wav,elephant
challenge_6_test_2520.wav,crocodile
challenge_6_test_2521.wav,elephant
challenge_6_test_2522.wav,forward
challenge_6_test_2523.wav,forward
challenge_6_test_2524.wav,backward
challenge_6_test_2525.wav,crocodile
challenge_6_test_2526.wav,backward
challenge_6_test_2527.wav,forward
challenge_6_test_2528.wav,elephant
challenge_6_test_2530.wav,elephant
challenge_6_test_2531.wav,backward
challenge_6_test_2532.wav,elephant
challenge_6_test_2533.wav,forward
challenge_6_test_2534.wav,forward
challenge_6_test_2535.wav,forward
challenge_6_test_2536.wav,backward
challenge_6_test_2537.wav,elephant
challenge_6_test_2538.wav,elephant
challenge_6_test_2539.wav,backward
challenge_6_test_2540.wav,elephant
challenge_6_test_2541.wav,backward
challenge_6_test_2542.wav,forward
challenge_6_test_2543.wav,elephant
challenge_6_test_2544.wav,elephant
challenge_6_test_2545.wav,elephant
challenge_6_test_2546.wav,crocodile
challenge_6_test_2547.wav,elephant
challenge_6_test_2548.wav,elephant
challenge_6_test_2549.wav,elephant
challenge_6_test_2550.wav,crocodile
challenge_6_test_2551.wav,forward
challenge_6_test_2552.wav,dinosaur
challenge_6_test_2553.wav,forward
challenge_6_test_2554.wav,elephant
challenge_6_test_2555.wav,elephant
challenge_6_test_2556.wav,forward
challenge_6_test_2557.wav,crocodile
challenge_6_test_2558.wav,crocodile
challenge_6_test_2559.wav,forward
challenge_6_test_2560.wav,elephant
challenge_6_test_2561.wav,backward
challenge_6_test_2562.wav,forward
challenge_6_test_2563.wav,forward
challenge_6_test_2564.wav,backward
challenge_6_test_2565.wav,elephant
challenge_6_test_2566.wav,elephant
challenge_6_test_2567.wav,forward
challenge_6_test_2568.wav,backward
challenge_6_test_2569.wav,crocodile
challenge_6_test_2570.wav,forward
challenge_6_test_2571.wav,backward
challenge_6_test_2572.wav,crocodile
challenge_6_test_2573.wav,crocodile
challenge_6_test_2574.wav,forward
challenge_6_test_2575.wav,forward
challenge_6_test_2576.wav,elephant
challenge_6_test_2577.wav,crocodile
challenge_6_test_2578.wav,elephant
challenge_6_test_2579.wav,forward
challenge_6_test_2580.wav,dinosaur
challenge_6_test_2581.wav,forward
challenge_6_test_2582.wav,dinosaur
challenge_6_test_2583.wav,elephant
challenge_6_test_2584.wav,backward
challenge_6_test_2585.wav,backward
challenge_6_test_2586.wav,backward
challenge_6_test_2587.wav,backward
challenge_6_test_2588.wav,elephant
challenge_6_test_2589.wav,crocodile
challenge_6_test_2590.wav,forward
challenge_6_test_2591.wav,crocodile
challenge_6_test_2592.wav,elephant
challenge_6_test_2593.wav,elephant
challenge_6_test_2594.wav,forward
challenge_6_test_2595.wav,forward
challenge_6_test_2596.wav,elephant
challenge_6_test_2597.wav,elephant
challenge_6_test_2598.wav,backward
challenge_6_test_2599.wav,elephant
challenge_6_test_2600.wav,backward
challenge_6_test_2601.wav,backward
challenge_6_test_2602.wav,forward
challenge_6_test_2603.wav,elephant
challenge_6_test_2604.wav,elephant
challenge_6_test_2605.wav,crocodile
challenge_6_test_2606.wav,forward
challenge_6_test_2607.wav,crocodile
challenge_6_test_2608.wav,crocodile
challenge_6_test_2609.wav,forward
challenge_6_test_2610.wav,backward
challenge_6_test_2611.wav,forward
challenge_6_test_2612.wav,backward
challenge_6_test_2613.wav,elephant
challenge_6_test_2614.wav,elephant
challenge_6_test_2615.wav,forward
challenge_6_test_2616.wav,backward
challenge_6_test_2617.wav,elephant
challenge_6_test_2618.wav,forward
challenge_6_test_2619.wav,elephant
challenge_6_test_2620.wav,forward
challenge_6_test_2621.wav,elephant
challenge_6_test_2622.wav,elephant
challenge_6_test_2623.wav,crocodile
challenge_6_test_2624.wav,elephant
challenge_6_test_2625.wav,elephant
challenge_6_test_2626.wav,forward
challenge_6_test_2627.wav,backward
challenge_6_test_2628.wav,forward
challenge_6_test_2629.wav,forward
challenge_6_test_2630.wav,backward
challenge_6_test_2631.wav,backward
challenge_6_test_2632.wav,elephant
challenge_6_test_2633.wav,backward
challenge_6_test_2634.wav,backward
challenge_6_test_2635.wav,elephant
challenge_6_test_2636.wav,backward
challenge_6_test_2637.wav,elephant
challenge_6_test_2638.wav,backward
challenge_6_test_2639.wav,backward
challenge_6_test_2640.wav,backward
challenge_6_test_2641.wav,elephant
challenge_6_test_2642.wav,dinosaur
challenge_6_test_2643.wav,dinosaur
challenge_6_test_2644.wav,elephant
challenge_6_test_2645.wav,elephant
challenge_6_test_2646.wav,backward
challenge_6_test_2647.wav,backward
challenge_6_test_2648.wav,forward
challenge_6_test_2649.wav,forward
challenge_6_test_2650.wav,crocodile
challenge_6_test_2651.wav,forward
challenge_6_test_2652.wav,backward
challenge_6_test_2653.wav,dinosaur
challenge_6_test_2654.wav,backward
challenge_6_test_2655.wav,elephant
challenge_6_test_2656.wav,elephant
challenge_6_test_2657.wav,forward
challenge_6_test_2658.wav,dinosaur
challenge_6_test_2659.wav,backward
challenge_6_test_2660.wav,elephant
challenge_6_test_2661.wav,elephant
challenge_6_test_2662.wav,crocodile
challenge_6_test_2663.wav,forward
challenge_6_test_2664.wav,elephant
challenge_6_test_2665.wav,backward
challenge_6_test_2666.wav,backward
challenge_6_test_2667.wav,backward
challenge_6_test_2668.wav,crocodile
challenge_6_test_2669.wav,dinosaur
challenge_6_test_2670.wav,elephant
challenge_6_test_2671.wav,elephant
challenge_6_test_2672.wav,elephant
challenge_6_test_2673.wav,backward
challenge_6_test_2674.wav,forward
challenge_6_test_2675.wav,backward
challenge_6_test_2676.wav,elephant
challenge_6_test_2677.wav,backward
challenge_6_test_2678.wav,backward
challenge_6_test_2679.wav,elephant
challenge_6_test_2680.wav,forward
challenge_6_test_2681.wav,backward
challenge_6_test_2682.wav,elephant
challenge_6_test_2683.wav,elephant
challenge_6_test_2684.wav,forward
challenge_6_test_2685.wav,forward
challenge_6_test_2686.wav,elephant
challenge_6_test_2687.wav,crocodile
challenge_6_test_2688.wav,elephant
challenge_6_test_2689.wav,forward
challenge_6_test_2690.wav,forward
challenge_6_test_2691.wav,backward
challenge_6_test_2692.wav,backward
challenge_6_test_2693.wav,backward
challenge_6_test_2694.wav,backward
challenge_6_test_2695.wav,backward
challenge_6_test_2696.wav,elephant
challenge_6_test_2697.wav,forward
challenge_6_test_2698.wav,crocodile
challenge_6_test_2699.wav,crocodile
