challenge_6_test_0000.wav,bird
challenge_6_test_0001.wav,three
challenge_6_test_0002.wav,falcon
challenge_6_test_0003.wav,dog
challenge_6_test_0004.wav,chicken
challenge_6_test_0005.wav,three
challenge_6_test_0006.wav,elephant
challenge_6_test_0007.wav,dog
challenge_6_test_0008.wav,right
challenge_6_test_0009.wav,seven
challenge_6_test_0010.wav,dog
challenge_6_test_0011.wav,backward
challenge_6_test_0013.wav,right
challenge_6_test_0014.wav,go
challenge_6_test_0015.wav,chicken
challenge_6_test_0016.wav,down
challenge_6_test_0017.wav,up
challenge_6_test_0019.wav,six
challenge_6_test_0020.wav,left
challenge_6_test_0021.wav,go
challenge_6_test_0022.wav,forward
challenge_6_test_0023.wav,go
challenge_6_test_0024.wav,backward
challenge_6_test_0025.wav,zero
challenge_6_test_0026.wav,two
challenge_6_test_0027.wav,dinosaur
challenge_6_test_0028.wav,down
challenge_6_test_0029.wav,dinosaur
challenge_6_test_0030.wav,down
challenge_6_test_0031.wav,up
challenge_6_test_0032.wav,nine
challenge_6_test_0033.wav,three
challenge_6_test_0034.wav,left
challenge_6_test_0035.wav,bird
challenge_6_test_0036.wav,zero
challenge_6_test_0038.wav,stop
challenge_6_test_0039.wav,chicken
challenge_6_test_0041.wav,crocodile
challenge_6_test_0042.wav,chicken
challenge_6_test_0043.wav,stop
challenge_6_test_0044.wav,six
challenge_6_test_0045.wav,six
challenge_6_test_0046.wav,down
challenge_6_test_0047.wav,chicken
challenge_6_test_0048.wav,snake
challenge_6_test_0049.wav,two
challenge_6_test_0051.wav,right
challenge_6_test_0052.wav,five
challenge_6_test_0053.wav,four
challenge_6_test_0054.wav,two
challenge_6_test_0055.wav,backward
challenge_6_test_0056.wav,down
challenge_6_test_0057.wav,cat
challenge_6_test_0058.wav,seven
challenge_6_test_0059.wav,bird
challenge_6_test_0060.wav,elephant
challenge_6_test_0061.wav,forward
challenge_6_test_0062.wav,seven
challenge_6_test_0064.wav,zero
challenge_6_test_0065.wav,zero
challenge_6_test_0066.wav,elephant
challenge_6_test_0067.wav,crocodile
challenge_6_test_0068.wav,six
challenge_6_test_0069.wav,snake
challenge_6_test_0070.wav,six
challenge_6_test_0071.wav,down
challenge_6_test_0072.wav,down
challenge_6_test_0073.wav,three
challenge_6_test_0074.wav,right
challenge_6_test_0075.wav,two
challenge_6_test_0076.wav,stop
challenge_6_test_0077.wav,eight
challenge_6_test_0078.wav,down
challenge_6_test_0079.wav,chicken
challenge_6_test_0080.wav,one
challenge_6_test_0081.wav,dinosaur
challenge_6_test_0082.wav,eight
challenge_6_test_0083.wav,cat
challenge_6_test_0084.wav,down
challenge_6_test_0085.wav,three
challenge_6_test_0086.wav,snake
challenge_6_test_0087.wav,eight
challenge_6_test_0088.wav,seven
challenge_6_test_0089.wav,crocodile
challenge_6_test_0090.wav,right
challenge_6_test_0091.wav,one
challenge_6_test_0092.wav,eight
challenge_6_test_0093.wav,four
challenge_6_test_0094.wav,bird
challenge_6_test_0095.wav,nine
challenge_6_test_0096.wav,down
challenge_6_test_0097.wav,elephant
challenge_6_test_0098.wav,seven
challenge_6_test_0099.wav,bird
challenge_6_test_0100.wav,forward
challenge_6_test_0101.wav,six
challenge_6_test_0102.wav,zero
challenge_6_test_0103.wav,six
challenge_6_test_0104.wav,snake
challenge_6_test_0105.wav,crocodile
challenge_6_test_0106.wav,three
challenge_6_test_0107.wav,right
challenge_6_test_0108.wav,one
challenge_6_test_0109.wav,snake
challenge_6_test_0110.wav,seven
challenge_6_test_0111.wav,stop
challenge_6_test_0112.wav,forward
challenge_6_test_0113.wav,right
challenge_6_test_0114.wav,zero
challenge_6_test_0115.wav,left
challenge_6_test_0116.wav,left
challenge_6_test_0117.wav,seven
challenge_6_test_0118.wav,six
challenge_6_test_0119.wav,crocodile
challenge_6_test_0120.wav,forward
challenge_6_test_0121.wav,forward
challenge_6_test_0122.wav,six
challenge_6_test_0123.wav,dog
challenge_6_test_0124.wav,dog
challenge_6_test_0125.wav,bird
challenge_6_test_0126.wav,backward
challenge_6_test_0127.wav,three
challenge_6_test_0128.wav,eight
challenge_6_test_0129.wav,crocodile
challenge_6_test_0130.wav,bird
challenge_6_test_0131.wav,bird
challenge_6_test_0132.wav,stop
challenge_6_test_0133.wav,zero
challenge_6_test_0134.wav,stop
challenge_6_test_0135.wav,three
challenge_6_test_0136.wav,seven
challenge_6_test_0137.wav,one
challenge_6_test_0138.wav,nine
challenge_6_test_0139.wav,nine
challenge_6_test_0140.wav,four
challenge_6_test_0141.wav,cat
challenge_6_test_0142.wav,elephant
challenge_6_test_0143.wav,nine
challenge_6_test_0144.wav,three
challenge_6_test_0145.wav,zero
challenge_6_test_0146.wav,elephant
challenge_6_test_0147.wav,crocodile
challenge_6_test_0148.wav,falcon
challenge_6_test_0149.wav,nine
challenge_6_test_0150.wav,backward
challenge_6_test_0151.wav,eight
challenge_6_test_0152.wav,dinosaur
challenge_6_test_0153.wav,nine
challenge_6_test_0154.wav,down
challenge_6_test_0155.wav,nine
challenge_6_test_0156.wav,four
challenge_6_test_0157.wav,backward
challenge_6_test_0158.wav,zero
challenge_6_test_0159.wav,one
challenge_6_test_0160.wav,go
challenge_6_test_0161.wav,crocodile
challenge_6_test_0162.wav,bird
challenge_6_test_0163.wav,forward
challenge_6_test_0164.wav,down
challenge_6_test_0165.wav,dog
challenge_6_test_0166.wav,bird
challenge_6_test_0167.wav,seven
challenge_6_test_0168.wav,elephant
challenge_6_test_0169.wav,dinosaur
challenge_6_test_0170.wav,seven
challenge_6_test_0171.wav,nine
challenge_6_test_0174.wav,elephant
challenge_6_test_0175.wav,stop
challenge_6_test_0176.wav,seven
challenge_6_test_0177.wav,falcon
challenge_6_test_0178.wav,two
challenge_6_test_0179.wav,two
challenge_6_test_0180.wav,seven
challenge_6_test_0181.wav,right
challenge_6_test_0182.wav,eight
challenge_6_test_0183.wav,six
challenge_6_test_0184.wav,go
challenge_6_test_0185.wav,left
challenge_6_test_0186.wav,three
challenge_6_test_0187.wav,six
challenge_6_test_0188.wav,four
challenge_6_test_0189.wav,one
challenge_6_test_0190.wav,forward
challenge_6_test_0191.wav,nine
challenge_6_test_0192.wav,seven
challenge_6_test_0193.wav,chicken
challenge_6_test_0194.wav,seven
challenge_6_test_0195.wav,seven
challenge_6_test_0196.wav,crocodile
challenge_6_test_0197.wav,zero
challenge_6_test_0198.wav,nine
challenge_6_test_0199.wav,seven
challenge_6_test_0200.wav,right
challenge_6_test_0201.wav,five
challenge_6_test_0202.wav,zero
challenge_6_test_0203.wav,eight
challenge_6_test_0204.wav,snake
challenge_6_test_0205.wav,cat
challenge_6_test_0206.wav,six
challenge_6_test_0207.wav,one
challenge_6_test_0208.wav,three
challenge_6_test_0209.wav,bird
challenge_6_test_0210.wav,four
challenge_6_test_0211.wav,bird
challenge_6_test_0212.wav,dog
challenge_6_test_0213.wav,six
challenge_6_test_0214.wav,nine
challenge_6_test_0215.wav,five
challenge_6_test_0216.wav,dinosaur
challenge_6_test_0217.wav,one
challenge_6_test_0218.wav,down
challenge_6_test_0219.wav,chicken
challenge_6_test_0220.wav,one
challenge_6_test_0221.wav,elephant
challenge_6_test_0222.wav,down
challenge_6_test_0223.wav,dog
challenge_6_test_0224.wav,seven
challenge_6_test_0225.wav,chicken
challenge_6_test_0226.wav,six
challenge_6_test_0227.wav,falcon
challenge_6_test_0228.wav,two
challenge_6_test_0229.wav,cat
challenge_6_test_0230.wav,zero
challenge_6_test_0231.wav,left
challenge_6_test_0232.wav,backward
challenge_6_test_0233.wav,five
challenge_6_test_0234.wav,six
challenge_6_test_0235.wav,dog
challenge_6_test_0236.wav,two
challenge_6_test_0237.wav,snake
challenge_6_test_0238.wav,dog
challenge_6_test_0239.wav,forward
challenge_6_test_0240.wav,dinosaur
challenge_6_test_0241.wav,dinosaur
challenge_6_test_0242.wav,dinosaur
challenge_6_test_0243.wav,forward
challenge_6_test_0244.wav,snake
challenge_6_test_0245.wav,six
challenge_6_test_0246.wav,backward
challenge_6_test_0247.wav,zero
challenge_6_test_0248.wav,chicken
challenge_6_test_0249.wav,five
challenge_6_test_0250.wav,three
challenge_6_test_0251.wav,zero
challenge_6_test_0252.wav,right
challenge_6_test_0253.wav,seven
challenge_6_test_0254.wav,two
challenge_6_test_0255.wav,crocodile
challenge_6_test_0256.wav,left
challenge_6_test_0257.wav,four
challenge_6_test_0258.wav,dinosaur
challenge_6_test_0259.wav,left
challenge_6_test_0260.wav,right
challenge_6_test_0261.wav,three
challenge_6_test_0262.wav,one
challenge_6_test_0263.wav,snake
challenge_6_test_0264.wav,up
challenge_6_test_0265.wav,go
challenge_6_test_0266.wav,falcon
challenge_6_test_0267.wav,elephant
challenge_6_test_0268.wav,forward
challenge_6_test_0269.wav,dog
challenge_6_test_0270.wav,six
challenge_6_test_0271.wav,seven
challenge_6_test_0272.wav,down
challenge_6_test_0273.wav,three
challenge_6_test_0274.wav,falcon
challenge_6_test_0275.wav,elephant
challenge_6_test_0276.wav,down
challenge_6_test_0277.wav,go
challenge_6_test_0278.wav,three
challenge_6_test_0279.wav,three
challenge_6_test_0280.wav,backward
challenge_6_test_0281.wav,right
challenge_6_test_0282.wav,crocodile
challenge_6_test_0283.wav,seven
challenge_6_test_0284.wav,six
challenge_6_test_0285.wav,four
challenge_6_test_0286.wav,four
challenge_6_test_0287.wav,three
challenge_6_test_0288.wav,left
challenge_6_test_0289.wav,five
challenge_6_test_0290.wav,crocodile
challenge_6_test_0291.wav,bird
challenge_6_test_0292.wav,three
challenge_6_test_0293.wav,stop
challenge_6_test_0294.wav,crocodile
challenge_6_test_0295.wav,forward
challenge_6_test_0296.wav,three
challenge_6_test_0297.wav,one
challenge_6_test_0298.wav,zero
challenge_6_test_0299.wav,bird
challenge_6_test_0300.wav,down
challenge_6_test_0301.wav,one
challenge_6_test_0302.wav,bird
challenge_6_test_0303.wav,one
challenge_6_test_0304.wav,cat
challenge_6_test_0305.wav,down
challenge_6_test_0306.wav,seven
challenge_6_test_0307.wav,zero
challenge_6_test_0308.wav,seven
challenge_6_test_0309.wav,eight
challenge_6_test_0310.wav,seven
challenge_6_test_0311.wav,go
challenge_6_test_0312.wav,snake
challenge_6_test_0313.wav,down
challenge_6_test_0314.wav,two
challenge_6_test_0315.wav,five
challenge_6_test_0316.wav,snake
challenge_6_test_0317.wav,snake
challenge_6_test_0318.wav,falcon
challenge_6_test_0319.wav,four
challenge_6_test_0320.wav,go
challenge_6_test_0321.wav,six
challenge_6_test_0322.wav,zero
challenge_6_test_0323.wav,falcon
challenge_6_test_0324.wav,elephant
challenge_6_test_0325.wav,backward
challenge_6_test_0326.wav,two
challenge_6_test_0327.wav,stop
challenge_6_test_0328.wav,backward
challenge_6_test_0329.wav,crocodile
challenge_6_test_0330.wav,eight
challenge_6_test_0331.wav,up
challenge_6_test_0332.wav,seven
challenge_6_test_0333.wav,crocodile
challenge_6_test_0334.wav,four
challenge_6_test_0335.wav,forward
challenge_6_test_0336.wav,snake
challenge_6_test_0338.wav,one
challenge_6_test_0339.wav,left
challenge_6_test_0340.wav,five
challenge_6_test_0341.wav,six
challenge_6_test_0343.wav,falcon
challenge_6_test_0344.wav,snake
challenge_6_test_0345.wav,two
challenge_6_test_0346.wav,down
challenge_6_test_0347.wav,backward
challenge_6_test_0348.wav,down
challenge_6_test_0349.wav,dinosaur
challenge_6_test_0350.wav,stop
challenge_6_test_0351.wav,go
challenge_6_test_0353.wav,seven
challenge_6_test_0354.wav,seven
challenge_6_test_0355.wav,three
challenge_6_test_0356.wav,left
challenge_6_test_0357.wav,stop
challenge_6_test_0358.wav,stop
challenge_6_test_0359.wav,crocodile
challenge_6_test_0360.wav,five
challenge_6_test_0361.wav,six
challenge_6_test_0362.wav,zero
challenge_6_test_0363.wav,seven
challenge_6_test_0365.wav,six
challenge_6_test_0366.wav,crocodile
challenge_6_test_0367.wav,left
challenge_6_test_0368.wav,seven
challenge_6_test_0369.wav,snake
challenge_6_test_0370.wav,four
challenge_6_test_0371.wav,three
challenge_6_test_0372.wav,crocodile
challenge_6_test_0373.wav,backward
challenge_6_test_0374.wav,backward
challenge_6_test_0375.wav,four
challenge_6_test_0376.wav,down
challenge_6_test_0377.wav,elephant
challenge_6_test_0378.wav,seven
challenge_6_test_0379.wav,down
challenge_6_test_0380.wav,cat
challenge_6_test_0381.wav,zero
challenge_6_test_0382.wav,snake
challenge_6_test_0383.wav,seven
challenge_6_test_0384.wav,seven
challenge_6_test_0385.wav,cat
challenge_6_test_0386.wav,elephant
challenge_6_test_0387.wav,backward
challenge_6_test_0388.wav,elephant
challenge_6_test_0389.wav,eight
challenge_6_test_0390.wav,elephant
challenge_6_test_0391.wav,elephant
challenge_6_test_0392.wav,eight
challenge_6_test_0393.wav,crocodile
challenge_6_test_0394.wav,backward
challenge_6_test_0395.wav,three
challenge_6_test_0396.wav,up
challenge_6_test_0397.wav,dog
challenge_6_test_0398.wav,up
challenge_6_test_0399.wav,crocodile
challenge_6_test_0400.wav,cat
challenge_6_test_0401.wav,eight
challenge_6_test_0402.wav,right
challenge_6_test_0403.wav,bird
challenge_6_test_0404.wav,two
challenge_6_test_0405.wav,backward
challenge_6_test_0406.wav,seven
challenge_6_test_0407.wav,snake
challenge_6_test_0408.wav,six
challenge_6_test_0409.wav,falcon
challenge_6_test_0410.wav,snake
challenge_6_test_0411.wav,crocodile
challenge_6_test_0412.wav,backward
challenge_6_test_0413.wav,dog
challenge_6_test_0414.wav,eight
challenge_6_test_0415.wav,stop
challenge_6_test_0416.wav,down
challenge_6_test_0417.wav,stop
challenge_6_test_0418.wav,cat
challenge_6_test_0419.wav,forward
challenge_6_test_0420.wav,forward
challenge_6_test_0421.wav,dog
challenge_6_test_0422.wav,five
challenge_6_test_0423.wav,crocodile
challenge_6_test_0424.wav,left
challenge_6_test_0425.wav,crocodile
challenge_6_test_0426.wav,dog
challenge_6_test_0427.wav,cat
challenge_6_test_0428.wav,left
challenge_6_test_0429.wav,go
challenge_6_test_0430.wav,eight
challenge_6_test_0431.wav,bird
challenge_6_test_0432.wav,left
challenge_6_test_0433.wav,six
challenge_6_test_0434.wav,up
challenge_6_test_0435.wav,chicken
challenge_6_test_0436.wav,down
challenge_6_test_0437.wav,seven
challenge_6_test_0438.wav,chicken
challenge_6_test_0439.wav,snake
challenge_6_test_0440.wav,left
challenge_6_test_0441.wav,two
challenge_6_test_0442.wav,six
challenge_6_test_0443.wav,crocodile
challenge_6_test_0444.wav,bird
challenge_6_test_0445.wav,bird
challenge_6_test_0446.wav,nine
challenge_6_test_0447.wav,seven
challenge_6_test_0448.wav,nine
challenge_6_test_0449.wav,zero
challenge_6_test_0450.wav,right
challenge_6_test_0451.wav,nine
challenge_6_test_0452.wav,three
challenge_6_test_0453.wav,snake
challenge_6_test_0454.wav,stop
challenge_6_test_0455.wav,down
challenge_6_test_0456.wav,three
challenge_6_test_0457.wav,snake
challenge_6_test_0458.wav,left
challenge_6_test_0459.wav,dinosaur
challenge_6_test_0460.wav,seven
challenge_6_test_0461.wav,crocodile
challenge_6_test_0462.wav,right
challenge_6_test_0463.wav,dog
challenge_6_test_0464.wav,chicken
challenge_6_test_0465.wav,right
challenge_6_test_0466.wav,two
challenge_6_test_0467.wav,eight
challenge_6_test_0468.wav,down
challenge_6_test_0469.wav,one
challenge_6_test_0470.wav,eight
challenge_6_test_0471.wav,crocodile
challenge_6_test_0472.wav,five
challenge_6_test_0473.wav,falcon
challenge_6_test_0474.wav,forward
challenge_6_test_0475.wav,nine
challenge_6_test_0476.wav,forward
challenge_6_test_0477.wav,stop
challenge_6_test_0478.wav,eight
challenge_6_test_0479.wav,nine
challenge_6_test_0480.wav,two
challenge_6_test_0481.wav,left
challenge_6_test_0482.wav,stop
challenge_6_test_0483.wav,left
challenge_6_test_0484.wav,six
challenge_6_test_0485.wav,eight
challenge_6_test_0486.wav,snake
challenge_6_test_0487.wav,five
challenge_6_test_0488.wav,three
challenge_6_test_0489.wav,nine
challenge_6_test_0490.wav,four
challenge_6_test_0491.wav,left
challenge_6_test_0492.wav,backward
challenge_6_test_0493.wav,three
challenge_6_test_0494.wav,elephant
challenge_6_test_0495.wav,nine
challenge_6_test_0496.wav,dog
challenge_6_test_0497.wav,nine
challenge_6_test_0498.wav,down
challenge_6_test_0499.wav,bird
challenge_6_test_0500.wav,crocodile
challenge_6_test_0501.wav,go
challenge_6_test_0502.wav,zero
challenge_6_test_0503.wav,zero
challenge_6_test_0504.wav,elephant
challenge_6_test_0505.wav,snake
challenge_6_test_0506.wav,down
challenge_6_test_0507.wav,nine
challenge_6_test_0508.wav,chicken
challenge_6_test_0509.wav,dinosaur
challenge_6_test_0510.wav,seven
challenge_6_test_0511.wav,go
challenge_6_test_0512.wav,five
challenge_6_test_0513.wav,falcon
challenge_6_test_0514.wav,falcon
challenge_6_test_0515.wav,three
challenge_6_test_0516.wav,crocodile
challenge_6_test_0517.wav,down
challenge_6_test_0518.wav,right
challenge_6_test_0519.wav,nine
challenge_6_test_0520.wav,down
challenge_6_test_0521.wav,two
challenge_6_test_0522.wav,one
challenge_6_test_0523.wav,seven
challenge_6_test_0524.wav,go
challenge_6_test_0525.wav,zero
challenge_6_test_0526.wav,three
challenge_6_test_0527.wav,eight
challenge_6_test_0528.wav,backward
challenge_6_test_0529.wav,seven
challenge_6_test_0530.wav,falcon
challenge_6_test_0531.wav,zero
challenge_6_test_0532.wav,stop
challenge_6_test_0533.wav,zero
challenge_6_test_0534.wav,down
challenge_6_test_0535.wav,crocodile
challenge_6_test_0536.wav,dog
challenge_6_test_0537.wav,stop
challenge_6_test_0538.wav,five
challenge_6_test_0539.wav,eight
challenge_6_test_0540.wav,elephant
challenge_6_test_0541.wav,cat
challenge_6_test_0542.wav,snake
challenge_6_test_0543.wav,zero
challenge_6_test_0544.wav,four
challenge_6_test_0545.wav,four
challenge_6_test_0546.wav,two
challenge_6_test_0547.wav,nine
challenge_6_test_0548.wav,one
challenge_6_test_0549.wav,up
challenge_6_test_0550.wav,down
challenge_6_test_0551.wav,cat
challenge_6_test_0552.wav,six
challenge_6_test_0553.wav,go
challenge_6_test_0554.wav,three
challenge_6_test_0555.wav,backward
challenge_6_test_0556.wav,seven
challenge_6_test_0557.wav,six
challenge_6_test_0558.wav,go
challenge_6_test_0559.wav,zero
challenge_6_test_0560.wav,crocodile
challenge_6_test_0561.wav,dinosaur
challenge_6_test_0562.wav,eight
challenge_6_test_0563.wav,two
challenge_6_test_0564.wav,four
challenge_6_test_0565.wav,stop
challenge_6_test_0566.wav,one
challenge_6_test_0567.wav,five
challenge_6_test_0568.wav,five
challenge_6_test_0569.wav,three
challenge_6_test_0570.wav,bird
challenge_6_test_0571.wav,backward
challenge_6_test_0572.wav,one
challenge_6_test_0573.wav,six
challenge_6_test_0574.wav,three
challenge_6_test_0575.wav,six
challenge_6_test_0576.wav,up
challenge_6_test_0577.wav,forward
challenge_6_test_0578.wav,seven
challenge_6_test_0579.wav,two
challenge_6_test_0580.wav,six
challenge_6_test_0581.wav,right
challenge_6_test_0582.wav,crocodile
challenge_6_test_0583.wav,two
challenge_6_test_0584.wav,go
challenge_6_test_0585.wav,left
challenge_6_test_0586.wav,nine
challenge_6_test_0587.wav,go
challenge_6_test_0588.wav,five
challenge_6_test_0589.wav,left
challenge_6_test_0590.wav,chicken
challenge_6_test_0591.wav,zero
challenge_6_test_0592.wav,nine
challenge_6_test_0593.wav,dog
challenge_6_test_0594.wav,two
challenge_6_test_0595.wav,nine
challenge_6_test_0596.wav,two
challenge_6_test_0597.wav,crocodile
challenge_6_test_0598.wav,two
challenge_6_test_0599.wav,crocodile
challenge_6_test_0600.wav,dog
challenge_6_test_0601.wav,elephant
challenge_6_test_0602.wav,falcon
challenge_6_test_0603.wav,forward
challenge_6_test_0604.wav,three
challenge_6_test_0605.wav,nine
challenge_6_test_0606.wav,chicken
challenge_6_test_0607.wav,right
challenge_6_test_0608.wav,snake
challenge_6_test_0609.wav,nine
challenge_6_test_0610.wav,dinosaur
challenge_6_test_0611.wav,two
challenge_6_test_0612.wav,backward
challenge_6_test_0613.wav,four
challenge_6_test_0614.wav,zero
challenge_6_test_0615.wav,go
challenge_6_test_0616.wav,backward
challenge_6_test_0617.wav,seven
challenge_6_test_0618.wav,forward
challenge_6_test_0619.wav,up
challenge_6_test_0620.wav,falcon
challenge_6_test_0621.wav,seven
challenge_6_test_0622.wav,bird
challenge_6_test_0624.wav,go
challenge_6_test_0625.wav,four
challenge_6_test_0626.wav,dog
challenge_6_test_0627.wav,down
challenge_6_test_0628.wav,down
challenge_6_test_0629.wav,dog
challenge_6_test_0630.wav,zero
challenge_6_test_0631.wav,crocodile
challenge_6_test_0632.wav,two
challenge_6_test_0633.wav,down
challenge_6_test_0634.wav,seven
challenge_6_test_0635.wav,nine
challenge_6_test_0636.wav,cat
challenge_6_test_0637.wav,five
challenge_6_test_0638.wav,go
challenge_6_test_0639.wav,three
challenge_6_test_0640.wav,bird
challenge_6_test_0641.wav,stop
challenge_6_test_0642.wav,dog
challenge_6_test_0643.wav,crocodile
challenge_6_test_0644.wav,cat
challenge_6_test_0645.wav,cat
challenge_6_test_0646.wav,go
challenge_6_test_0647.wav,elephant
challenge_6_test_0648.wav,six
challenge_6_test_0649.wav,six
challenge_6_test_0650.wav,down
challenge_6_test_0651.wav,four
challenge_6_test_0652.wav,seven
challenge_6_test_0653.wav,cat
challenge_6_test_0654.wav,crocodile
challenge_6_test_0655.wav,six
challenge_6_test_0656.wav,crocodile
challenge_6_test_0657.wav,forward
challenge_6_test_0658.wav,four
challenge_6_test_0659.wav,four
challenge_6_test_0660.wav,snake
challenge_6_test_0661.wav,crocodile
challenge_6_test_0662.wav,one
challenge_6_test_0663.wav,two
challenge_6_test_0664.wav,eight
challenge_6_test_0665.wav,backward
challenge_6_test_0666.wav,nine
challenge_6_test_0667.wav,down
challenge_6_test_0668.wav,eight
challenge_6_test_0669.wav,dinosaur
challenge_6_test_0670.wav,zero
challenge_6_test_0671.wav,four
challenge_6_test_0672.wav,down
challenge_6_test_0673.wav,one
challenge_6_test_0674.wav,eight
challenge_6_test_0675.wav,six
challenge_6_test_0676.wav,falcon
challenge_6_test_0677.wav,dinosaur
challenge_6_test_0678.wav,five
challenge_6_test_0679.wav,left
challenge_6_test_0680.wav,eight
challenge_6_test_0681.wav,snake
challenge_6_test_0682.wav,go
challenge_6_test_0683.wav,four
challenge_6_test_0684.wav,down
challenge_6_test_0685.wav,forward
challenge_6_test_0686.wav,dog
challenge_6_test_0687.wav,zero
challenge_6_test_0688.wav,seven
challenge_6_test_0689.wav,seven
challenge_6_test_0690.wav,elephant
challenge_6_test_0691.wav,elephant
challenge_6_test_0692.wav,up
challenge_6_test_0693.wav,crocodile
challenge_6_test_0694.wav,snake
challenge_6_test_0695.wav,down
challenge_6_test_0696.wav,nine
challenge_6_test_0697.wav,seven
challenge_6_test_0698.wav,one
challenge_6_test_0699.wav,chicken
challenge_6_test_0700.wav,falcon
challenge_6_test_0701.wav,elephant
challenge_6_test_0702.wav,down
challenge_6_test_0703.wav,chicken
challenge_6_test_0704.wav,dog
challenge_6_test_0705.wav,stop
challenge_6_test_0706.wav,backward
challenge_6_test_0707.wav,three
challenge_6_test_0708.wav,one
challenge_6_test_0709.wav,six
challenge_6_test_0710.wav,bird
challenge_6_test_0711.wav,six
challenge_6_test_0712.wav,zero
challenge_6_test_0713.wav,eight
challenge_6_test_0714.wav,cat
challenge_6_test_0715.wav,forward
challenge_6_test_0716.wav,zero
challenge_6_test_0717.wav,two
challenge_6_test_0718.wav,crocodile
challenge_6_test_0719.wav,two
challenge_6_test_0720.wav,falcon
challenge_6_test_0721.wav,nine
challenge_6_test_0722.wav,left
challenge_6_test_0723.wav,six
challenge_6_test_0724.wav,stop
challenge_6_test_0725.wav,nine
challenge_6_test_0726.wav,seven
challenge_6_test_0727.wav,nine
challenge_6_test_0728.wav,one
challenge_6_test_0729.wav,six
challenge_6_test_0730.wav,nine
challenge_6_test_0731.wav,backward
challenge_6_test_0732.wav,left
challenge_6_test_0733.wav,up
challenge_6_test_0734.wav,cat
challenge_6_test_0735.wav,up
challenge_6_test_0736.wav,crocodile
challenge_6_test_0737.wav,down
challenge_6_test_0738.wav,chicken
challenge_6_test_0739.wav,up
challenge_6_test_0740.wav,chicken
challenge_6_test_0741.wav,go
challenge_6_test_0742.wav,snake
challenge_6_test_0743.wav,bird
challenge_6_test_0744.wav,nine
challenge_6_test_0745.wav,stop
challenge_6_test_0746.wav,nine
challenge_6_test_0747.wav,forward
challenge_6_test_0748.wav,dinosaur
challenge_6_test_0749.wav,elephant
challenge_6_test_0750.wav,six
challenge_6_test_0751.wav,elephant
challenge_6_test_0752.wav,crocodile
challenge_6_test_0753.wav,crocodile
challenge_6_test_0754.wav,six
challenge_6_test_0755.wav,zero
challenge_6_test_0756.wav,elephant
challenge_6_test_0757.wav,two
challenge_6_test_0758.wav,go
challenge_6_test_0759.wav,seven
challenge_6_test_0760.wav,crocodile
challenge_6_test_0761.wav,crocodile
challenge_6_test_0762.wav,crocodile
challenge_6_test_0763.wav,one
challenge_6_test_0764.wav,dinosaur
challenge_6_test_0765.wav,bird
challenge_6_test_0766.wav,left
challenge_6_test_0767.wav,nine
challenge_6_test_0768.wav,go
challenge_6_test_0769.wav,right
challenge_6_test_0770.wav,backward
challenge_6_test_0771.wav,go
challenge_6_test_0772.wav,nine
challenge_6_test_0773.wav,down
challenge_6_test_0774.wav,go
challenge_6_test_0775.wav,four
challenge_6_test_0776.wav,five
challenge_6_test_0777.wav,one
challenge_6_test_0778.wav,seven
challenge_6_test_0779.wav,crocodile
challenge_6_test_0780.wav,dinosaur
challenge_6_test_0781.wav,one
challenge_6_test_0782.wav,up
challenge_6_test_0783.wav,down
challenge_6_test_0784.wav,eight
challenge_6_test_0785.wav,falcon
challenge_6_test_0786.wav,one
challenge_6_test_0787.wav,bird
challenge_6_test_0789.wav,zero
challenge_6_test_0790.wav,elephant
challenge_6_test_0791.wav,up
challenge_6_test_0792.wav,down
challenge_6_test_0793.wav,four
challenge_6_test_0794.wav,elephant
challenge_6_test_0795.wav,dinosaur
challenge_6_test_0796.wav,nine
challenge_6_test_0798.wav,one
challenge_6_test_0799.wav,nine
challenge_6_test_0800.wav,go
challenge_6_test_0801.wav,chicken
challenge_6_test_0802.wav,dog
challenge_6_test_0803.wav,elephant
challenge_6_test_0804.wav,nine
challenge_6_test_0805.wav,elephant
challenge_6_test_0806.wav,up
challenge_6_test_0807.wav,eight
challenge_6_test_0808.wav,cat
challenge_6_test_0809.wav,crocodile
challenge_6_test_0810.wav,four
challenge_6_test_0811.wav,two
challenge_6_test_0812.wav,right
challenge_6_test_0813.wav,backward
challenge_6_test_0814.wav,go
challenge_6_test_0815.wav,zero
challenge_6_test_0816.wav,left
challenge_6_test_0817.wav,five
challenge_6_test_0818.wav,down
challenge_6_test_0819.wav,dog
challenge_6_test_0820.wav,two
challenge_6_test_0821.wav,dog
challenge_6_test_0822.wav,two
challenge_6_test_0824.wav,four
challenge_6_test_0825.wav,six
challenge_6_test_0826.wav,four
challenge_6_test_0827.wav,zero
challenge_6_test_0828.wav,go
challenge_6_test_0829.wav,forward
challenge_6_test_0830.wav,dog
challenge_6_test_0831.wav,eight
challenge_6_test_0832.wav,left
challenge_6_test_0833.wav,chicken
challenge_6_test_0834.wav,snake
challenge_6_test_0835.wav,six
challenge_6_test_0837.wav,stop
challenge_6_test_0838.wav,up
challenge_6_test_0839.wav,eight
challenge_6_test_0840.wav,forward
challenge_6_test_0841.wav,bird
challenge_6_test_0842.wav,stop
challenge_6_test_0843.wav,dog
challenge_6_test_0844.wav,down
challenge_6_test_0845.wav,crocodile
challenge_6_test_0846.wav,six
challenge_6_test_0847.wav,right
challenge_6_test_0848.wav,dinosaur
challenge_6_test_0849.wav,chicken
challenge_6_test_0850.wav,dog
challenge_6_test_0851.wav,seven
challenge_6_test_0852.wav,cat
challenge_6_test_0853.wav,crocodile
challenge_6_test_0854.wav,backward
challenge_6_test_0855.wav,backward
challenge_6_test_0856.wav,zero
challenge_6_test_0857.wav,down
challenge_6_test_0858.wav,seven
challenge_6_test_0859.wav,six
challenge_6_test_0860.wav,left
challenge_6_test_0861.wav,one
challenge_6_test_0862.wav,down
challenge_6_test_0863.wav,four
challenge_6_test_0864.wav,crocodile
challenge_6_test_0865.wav,seven
challenge_6_test_0866.wav,up
challenge_6_test_0867.wav,seven
challenge_6_test_0868.wav,one
challenge_6_test_0869.wav,forward
challenge_6_test_0871.wav,five
challenge_6_test_0872.wav,zero
challenge_6_test_0873.wav,dinosaur
challenge_6_test_0874.wav,three
challenge_6_test_0875.wav,eight
challenge_6_test_0876.wav,four
challenge_6_test_0877.wav,four
challenge_6_test_0878.wav,stop
challenge_6_test_0879.wav,one
challenge_6_test_0880.wav,cat
challenge_6_test_0881.wav,right
challenge_6_test_0882.wav,down
challenge_6_test_0883.wav,backward
challenge_6_test_0884.wav,four
challenge_6_test_0885.wav,down
challenge_6_test_0886.wav,one
challenge_6_test_0887.wav,up
challenge_6_test_0888.wav,one
challenge_6_test_0889.wav,down
challenge_6_test_0890.wav,snake
challenge_6_test_0892.wav,four
challenge_6_test_0893.wav,go
challenge_6_test_0894.wav,two
challenge_6_test_0895.wav,elephant
challenge_6_test_0896.wav,forward
challenge_6_test_0897.wav,backward
challenge_6_test_0898.wav,down
challenge_6_test_0899.wav,chicken
challenge_6_test_0900.wav,backward
challenge_6_test_0901.wav,eight
challenge_6_test_0902.wav,eight
challenge_6_test_0903.wav,six
challenge_6_test_0904.wav,right
challenge_6_test_0905.wav,eight
challenge_6_test_0906.wav,seven
challenge_6_test_0907.wav,elephant
challenge_6_test_0908.wav,bird
challenge_6_test_0909.wav,backward
challenge_6_test_0910.wav,right
challenge_6_test_0911.wav,chicken
challenge_6_test_0912.wav,seven
challenge_6_test_0913.wav,left
challenge_6_test_0914.wav,seven
challenge_6_test_0915.wav,six
challenge_6_test_0916.wav,seven
challenge_6_test_0917.wav,five
challenge_6_test_0918.wav,cat
challenge_6_test_0919.wav,eight
challenge_6_test_0920.wav,go
challenge_6_test_0921.wav,dinosaur
challenge_6_test_0922.wav,down
challenge_6_test_0923.wav,cat
challenge_6_test_0924.wav,bird
challenge_6_test_0925.wav,one
challenge_6_test_0926.wav,four
challenge_6_test_0927.wav,six
challenge_6_test_0928.wav,elephant
challenge_6_test_0929.wav,six
challenge_6_test_0930.wav,zero
challenge_6_test_0932.wav,seven
challenge_6_test_0933.wav,snake
challenge_6_test_0934.wav,three
challenge_6_test_0935.wav,zero
challenge_6_test_0936.wav,nine
challenge_6_test_0937.wav,dinosaur
challenge_6_test_0938.wav,six
challenge_6_test_0939.wav,dog
challenge_6_test_0940.wav,right
challenge_6_test_0941.wav,six
challenge_6_test_0942.wav,cat
challenge_6_test_0943.wav,forward
challenge_6_test_0944.wav,go
challenge_6_test_0945.wav,stop
challenge_6_test_0946.wav,forward
challenge_6_test_0947.wav,zero
challenge_6_test_0948.wav,eight
challenge_6_test_0949.wav,right
challenge_6_test_0950.wav,chicken
challenge_6_test_0951.wav,backward
challenge_6_test_0952.wav,nine
challenge_6_test_0953.wav,eight
challenge_6_test_0954.wav,dinosaur
challenge_6_test_0955.wav,go
challenge_6_test_0956.wav,dinosaur
challenge_6_test_0957.wav,zero
challenge_6_test_0958.wav,falcon
challenge_6_test_0959.wav,eight
challenge_6_test_0960.wav,four
challenge_6_test_0961.wav,nine
challenge_6_test_0962.wav,up
challenge_6_test_0963.wav,down
challenge_6_test_0964.wav,snake
challenge_6_test_0965.wav,four
challenge_6_test_0967.wav,one
challenge_6_test_0968.wav,left
challenge_6_test_0969.wav,seven
challenge_6_test_0970.wav,crocodile
challenge_6_test_0971.wav,nine
challenge_6_test_0972.wav,two
challenge_6_test_0973.wav,snake
challenge_6_test_0974.wav,go
challenge_6_test_0975.wav,seven
challenge_6_test_0976.wav,two
challenge_6_test_0978.wav,six
challenge_6_test_0979.wav,right
challenge_6_test_0980.wav,falcon
challenge_6_test_0981.wav,falcon
challenge_6_test_0982.wav,zero
challenge_6_test_0983.wav,seven
challenge_6_test_0984.wav,two
challenge_6_test_0985.wav,falcon
challenge_6_test_0986.wav,bird
challenge_6_test_0987.wav,seven
challenge_6_test_0988.wav,snake
challenge_6_test_0989.wav,dinosaur
challenge_6_test_0990.wav,crocodile
challenge_6_test_0991.wav,seven
challenge_6_test_0992.wav,four
challenge_6_test_0993.wav,two
challenge_6_test_0994.wav,left
challenge_6_test_0995.wav,crocodile
challenge_6_test_0996.wav,stop
challenge_6_test_0997.wav,six
challenge_6_test_0998.wav,chicken
challenge_6_test_0999.wav,seven
challenge_6_test_1000.wav,two
challenge_6_test_1001.wav,six
challenge_6_test_1002.wav,dog
challenge_6_test_1003.wav,forward
challenge_6_test_1004.wav,down
challenge_6_test_1005.wav,right
challenge_6_test_1006.wav,cat
challenge_6_test_1007.wav,seven
challenge_6_test_1008.wav,two
challenge_6_test_1009.wav,four
challenge_6_test_1010.wav,seven
challenge_6_test_1011.wav,go
challenge_6_test_1012.wav,left
challenge_6_test_1013.wav,chicken
challenge_6_test_1014.wav,left
challenge_6_test_1015.wav,elephant
challenge_6_test_1016.wav,dinosaur
challenge_6_test_1017.wav,seven
challenge_6_test_1018.wav,two
challenge_6_test_1019.wav,three
challenge_6_test_1020.wav,eight
challenge_6_test_1021.wav,four
challenge_6_test_1022.wav,left
challenge_6_test_1023.wav,six
challenge_6_test_1024.wav,dinosaur
challenge_6_test_1025.wav,three
challenge_6_test_1026.wav,four
challenge_6_test_1027.wav,six
challenge_6_test_1028.wav,cat
challenge_6_test_1029.wav,stop
challenge_6_test_1030.wav,go
challenge_6_test_1031.wav,four
challenge_6_test_1032.wav,crocodile
challenge_6_test_1033.wav,crocodile
challenge_6_test_1034.wav,bird
challenge_6_test_1035.wav,up
challenge_6_test_1036.wav,six
challenge_6_test_1037.wav,up
challenge_6_test_1038.wav,left
challenge_6_test_1039.wav,dog
challenge_6_test_1040.wav,zero
challenge_6_test_1041.wav,falcon
challenge_6_test_1042.wav,six
challenge_6_test_1043.wav,six
challenge_6_test_1044.wav,backward
challenge_6_test_1045.wav,six
challenge_6_test_1046.wav,two
challenge_6_test_1047.wav,down
challenge_6_test_1048.wav,two
challenge_6_test_1049.wav,two
challenge_6_test_1050.wav,forward
challenge_6_test_1051.wav,dog
challenge_6_test_1052.wav,cat
challenge_6_test_1053.wav,left
challenge_6_test_1054.wav,two
challenge_6_test_1055.wav,down
challenge_6_test_1056.wav,up
challenge_6_test_1057.wav,forward
challenge_6_test_1058.wav,stop
challenge_6_test_1059.wav,chicken
challenge_6_test_1060.wav,falcon
challenge_6_test_1061.wav,two
challenge_6_test_1062.wav,right
challenge_6_test_1063.wav,one
challenge_6_test_1064.wav,dinosaur
challenge_6_test_1065.wav,seven
challenge_6_test_1066.wav,down
challenge_6_test_1067.wav,go
challenge_6_test_1068.wav,bird
challenge_6_test_1069.wav,one
challenge_6_test_1070.wav,forward
challenge_6_test_1071.wav,nine
challenge_6_test_1072.wav,chicken
challenge_6_test_1073.wav,three
challenge_6_test_1074.wav,zero
challenge_6_test_1075.wav,six
challenge_6_test_1076.wav,down
challenge_6_test_1077.wav,right
challenge_6_test_1078.wav,dinosaur
challenge_6_test_1079.wav,down
challenge_6_test_1080.wav,six
challenge_6_test_1081.wav,six
challenge_6_test_1082.wav,falcon
challenge_6_test_1083.wav,chicken
challenge_6_test_1085.wav,down
challenge_6_test_1086.wav,seven
challenge_6_test_1087.wav,cat
challenge_6_test_1088.wav,one
challenge_6_test_1089.wav,forward
challenge_6_test_1090.wav,seven
challenge_6_test_1091.wav,chicken
challenge_6_test_1092.wav,six
challenge_6_test_1093.wav,four
challenge_6_test_1094.wav,backward
challenge_6_test_1095.wav,right
challenge_6_test_1096.wav,forward
challenge_6_test_1097.wav,right
challenge_6_test_1098.wav,dinosaur
challenge_6_test_1099.wav,backward
challenge_6_test_1100.wav,right
challenge_6_test_1101.wav,three
challenge_6_test_1102.wav,dinosaur
challenge_6_test_1103.wav,up
challenge_6_test_1104.wav,backward
challenge_6_test_1105.wav,seven
challenge_6_test_1106.wav,two
challenge_6_test_1107.wav,bird
challenge_6_test_1108.wav,chicken
challenge_6_test_1109.wav,snake
challenge_6_test_1110.wav,three
challenge_6_test_1111.wav,five
challenge_6_test_1112.wav,six
challenge_6_test_1113.wav,seven
challenge_6_test_1114.wav,three
challenge_6_test_1115.wav,crocodile
challenge_6_test_1116.wav,snake
challenge_6_test_1117.wav,nine
challenge_6_test_1118.wav,dinosaur
challenge_6_test_1119.wav,cat
challenge_6_test_1120.wav,go
challenge_6_test_1121.wav,left
challenge_6_test_1122.wav,zero
challenge_6_test_1123.wav,nine
challenge_6_test_1124.wav,stop
challenge_6_test_1125.wav,dinosaur
challenge_6_test_1126.wav,bird
challenge_6_test_1127.wav,backward
challenge_6_test_1128.wav,cat
challenge_6_test_1129.wav,zero
challenge_6_test_1130.wav,crocodile
challenge_6_test_1131.wav,cat
challenge_6_test_1132.wav,bird
challenge_6_test_1133.wav,zero
challenge_6_test_1134.wav,dinosaur
challenge_6_test_1135.wav,elephant
challenge_6_test_1136.wav,stop
challenge_6_test_1137.wav,down
challenge_6_test_1138.wav,down
challenge_6_test_1139.wav,go
challenge_6_test_1140.wav,nine
challenge_6_test_1141.wav,nine
challenge_6_test_1142.wav,forward
challenge_6_test_1143.wav,right
challenge_6_test_1144.wav,seven
challenge_6_test_1145.wav,backward
challenge_6_test_1146.wav,nine
challenge_6_test_1147.wav,zero
challenge_6_test_1148.wav,falcon
challenge_6_test_1149.wav,left
challenge_6_test_1150.wav,three
challenge_6_test_1151.wav,elephant
challenge_6_test_1152.wav,down
challenge_6_test_1153.wav,eight
challenge_6_test_1155.wav,crocodile
challenge_6_test_1156.wav,dog
challenge_6_test_1157.wav,seven
challenge_6_test_1158.wav,crocodile
challenge_6_test_1159.wav,seven
challenge_6_test_1160.wav,seven
challenge_6_test_1161.wav,seven
challenge_6_test_1162.wav,chicken
challenge_6_test_1163.wav,zero
challenge_6_test_1164.wav,crocodile
challenge_6_test_1165.wav,zero
challenge_6_test_1166.wav,three
challenge_6_test_1167.wav,snake
challenge_6_test_1168.wav,seven
challenge_6_test_1169.wav,bird
challenge_6_test_1170.wav,down
challenge_6_test_1171.wav,three
challenge_6_test_1172.wav,four
challenge_6_test_1173.wav,four
challenge_6_test_1174.wav,three
challenge_6_test_1175.wav,crocodile
challenge_6_test_1176.wav,bird
challenge_6_test_1177.wav,snake
challenge_6_test_1178.wav,three
challenge_6_test_1179.wav,up
challenge_6_test_1180.wav,down
challenge_6_test_1181.wav,two
challenge_6_test_1182.wav,left
challenge_6_test_1183.wav,snake
challenge_6_test_1184.wav,one
challenge_6_test_1185.wav,left
challenge_6_test_1186.wav,two
challenge_6_test_1187.wav,cat
challenge_6_test_1188.wav,cat
challenge_6_test_1189.wav,three
challenge_6_test_1190.wav,falcon
challenge_6_test_1191.wav,one
challenge_6_test_1192.wav,dog
challenge_6_test_1193.wav,bird
challenge_6_test_1194.wav,three
challenge_6_test_1195.wav,snake
challenge_6_test_1196.wav,crocodile
challenge_6_test_1197.wav,falcon
challenge_6_test_1198.wav,dog
challenge_6_test_1199.wav,bird
challenge_6_test_1200.wav,six
challenge_6_test_1201.wav,three
challenge_6_test_1202.wav,dinosaur
challenge_6_test_1203.wav,six
challenge_6_test_1204.wav,six
challenge_6_test_1205.wav,snake
challenge_6_test_1206.wav,stop
challenge_6_test_1207.wav,crocodile
challenge_6_test_1208.wav,stop
challenge_6_test_1209.wav,left
challenge_6_test_1210.wav,nine
challenge_6_test_1211.wav,cat
challenge_6_test_1212.wav,two
challenge_6_test_1213.wav,seven
challenge_6_test_1214.wav,go
challenge_6_test_1215.wav,seven
challenge_6_test_1216.wav,five
challenge_6_test_1217.wav,left
challenge_6_test_1218.wav,backward
challenge_6_test_1219.wav,elephant
challenge_6_test_1220.wav,forward
challenge_6_test_1221.wav,dog
challenge_6_test_1222.wav,dog
challenge_6_test_1223.wav,zero
challenge_6_test_1224.wav,two
challenge_6_test_1225.wav,one
challenge_6_test_1226.wav,left
challenge_6_test_1227.wav,elephant
challenge_6_test_1228.wav,nine
challenge_6_test_1229.wav,go
challenge_6_test_1230.wav,snake
challenge_6_test_1231.wav,forward
challenge_6_test_1232.wav,dinosaur
challenge_6_test_1233.wav,elephant
challenge_6_test_1234.wav,backward
challenge_6_test_1235.wav,zero
challenge_6_test_1236.wav,chicken
challenge_6_test_1237.wav,bird
challenge_6_test_1238.wav,snake
challenge_6_test_1239.wav,stop
challenge_6_test_1240.wav,stop
challenge_6_test_1241.wav,dog
challenge_6_test_1242.wav,down
challenge_6_test_1243.wav,falcon
challenge_6_test_1244.wav,falcon
challenge_6_test_1245.wav,seven
challenge_6_test_1246.wav,seven
challenge_6_test_1247.wav,eight
challenge_6_test_1248.wav,cat
challenge_6_test_1249.wav,six
challenge_6_test_1250.wav,backward
challenge_6_test_1251.wav,seven
challenge_6_test_1253.wav,chicken
challenge_6_test_1254.wav,falcon
challenge_6_test_1255.wav,go
challenge_6_test_1256.wav,four
challenge_6_test_1257.wav,cat
challenge_6_test_1258.wav,nine
challenge_6_test_1259.wav,go
challenge_6_test_1260.wav,three
challenge_6_test_1261.wav,forward
challenge_6_test_1262.wav,down
challenge_6_test_1263.wav,three
challenge_6_test_1264.wav,six
challenge_6_test_1265.wav,go
challenge_6_test_1266.wav,nine
challenge_6_test_1267.wav,seven
challenge_6_test_1268.wav,forward
challenge_6_test_1269.wav,bird
challenge_6_test_1270.wav,nine
challenge_6_test_1271.wav,bird
challenge_6_test_1272.wav,three
challenge_6_test_1273.wav,bird
challenge_6_test_1274.wav,seven
challenge_6_test_1275.wav,snake
challenge_6_test_1276.wav,one
challenge_6_test_1277.wav,five
challenge_6_test_1278.wav,eight
challenge_6_test_1279.wav,crocodile
challenge_6_test_1280.wav,dog
challenge_6_test_1281.wav,left
challenge_6_test_1282.wav,six
challenge_6_test_1283.wav,backward
challenge_6_test_1284.wav,zero
challenge_6_test_1285.wav,snake
challenge_6_test_1286.wav,up
challenge_6_test_1287.wav,six
challenge_6_test_1288.wav,right
challenge_6_test_1289.wav,six
challenge_6_test_1290.wav,zero
challenge_6_test_1291.wav,eight
challenge_6_test_1292.wav,seven
challenge_6_test_1293.wav,dinosaur
challenge_6_test_1294.wav,backward
challenge_6_test_1295.wav,seven
challenge_6_test_1296.wav,backward
challenge_6_test_1297.wav,down
challenge_6_test_1298.wav,crocodile
challenge_6_test_1299.wav,one
challenge_6_test_1300.wav,up
challenge_6_test_1301.wav,stop
challenge_6_test_1302.wav,seven
challenge_6_test_1303.wav,six
challenge_6_test_1304.wav,seven
challenge_6_test_1305.wav,five
challenge_6_test_1306.wav,nine
challenge_6_test_1307.wav,four
challenge_6_test_1308.wav,dinosaur
challenge_6_test_1309.wav,cat
challenge_6_test_1311.wav,dinosaur
challenge_6_test_1312.wav,crocodile
challenge_6_test_1313.wav,falcon
challenge_6_test_1314.wav,three
challenge_6_test_1315.wav,seven
challenge_6_test_1316.wav,two
challenge_6_test_1317.wav,backward
challenge_6_test_1318.wav,six
challenge_6_test_1319.wav,dinosaur
challenge_6_test_1320.wav,eight
challenge_6_test_1321.wav,elephant
challenge_6_test_1322.wav,up
challenge_6_test_1323.wav,down
challenge_6_test_1324.wav,elephant
challenge_6_test_1325.wav,five
challenge_6_test_1326.wav,six
challenge_6_test_1327.wav,seven
challenge_6_test_1328.wav,backward
challenge_6_test_1329.wav,eight
challenge_6_test_1330.wav,four
challenge_6_test_1331.wav,seven
challenge_6_test_1332.wav,two
challenge_6_test_1333.wav,falcon
challenge_6_test_1334.wav,one
challenge_6_test_1335.wav,dog
challenge_6_test_1336.wav,three
challenge_6_test_1337.wav,crocodile
challenge_6_test_1338.wav,six
challenge_6_test_1339.wav,go
challenge_6_test_1340.wav,go
challenge_6_test_1341.wav,down
challenge_6_test_1342.wav,eight
challenge_6_test_1343.wav,bird
challenge_6_test_1344.wav,bird
challenge_6_test_1345.wav,cat
challenge_6_test_1346.wav,right
challenge_6_test_1347.wav,three
challenge_6_test_1348.wav,crocodile
challenge_6_test_1349.wav,crocodile
challenge_6_test_1350.wav,bird
challenge_6_test_1351.wav,three
challenge_6_test_1352.wav,falcon
challenge_6_test_1353.wav,dog
challenge_6_test_1354.wav,six
challenge_6_test_1355.wav,two
challenge_6_test_1356.wav,elephant
challenge_6_test_1357.wav,dog
challenge_6_test_1358.wav,right
challenge_6_test_1359.wav,six
challenge_6_test_1360.wav,go
challenge_6_test_1361.wav,backward
challenge_6_test_1362.wav,five
challenge_6_test_1363.wav,right
challenge_6_test_1364.wav,go
challenge_6_test_1365.wav,chicken
challenge_6_test_1366.wav,down
challenge_6_test_1367.wav,up
challenge_6_test_1368.wav,seven
challenge_6_test_1369.wav,six
challenge_6_test_1370.wav,left
challenge_6_test_1371.wav,go
challenge_6_test_1372.wav,up
challenge_6_test_1373.wav,go
challenge_6_test_1374.wav,backward
challenge_6_test_1375.wav,zero
challenge_6_test_1376.wav,go
challenge_6_test_1377.wav,dinosaur
challenge_6_test_1378.wav,down
challenge_6_test_1379.wav,dinosaur
challenge_6_test_1380.wav,cat
challenge_6_test_1381.wav,crocodile
challenge_6_test_1382.wav,nine
challenge_6_test_1383.wav,eight
challenge_6_test_1384.wav,bird
challenge_6_test_1385.wav,bird
challenge_6_test_1386.wav,crocodile
challenge_6_test_1387.wav,six
challenge_6_test_1388.wav,stop
challenge_6_test_1389.wav,chicken
challenge_6_test_1391.wav,crocodile
challenge_6_test_1392.wav,chicken
challenge_6_test_1393.wav,stop
challenge_6_test_1394.wav,six
challenge_6_test_1395.wav,five
challenge_6_test_1396.wav,down
challenge_6_test_1397.wav,chicken
challenge_6_test_1398.wav,elephant
challenge_6_test_1399.wav,two
challenge_6_test_1400.wav,go
challenge_6_test_1401.wav,right
challenge_6_test_1402.wav,five
challenge_6_test_1403.wav,go
challenge_6_test_1404.wav,cat
challenge_6_test_1405.wav,backward
challenge_6_test_1406.wav,down
challenge_6_test_1407.wav,cat
challenge_6_test_1408.wav,falcon
challenge_6_test_1409.wav,bird
challenge_6_test_1410.wav,elephant
challenge_6_test_1411.wav,bird
challenge_6_test_1412.wav,seven
challenge_6_test_1413.wav,go
challenge_6_test_1414.wav,zero
challenge_6_test_1415.wav,zero
challenge_6_test_1416.wav,elephant
challenge_6_test_1417.wav,crocodile
challenge_6_test_1418.wav,six
challenge_6_test_1420.wav,cat
challenge_6_test_1421.wav,down
challenge_6_test_1422.wav,go
challenge_6_test_1423.wav,seven
challenge_6_test_1424.wav,right
challenge_6_test_1425.wav,six
challenge_6_test_1426.wav,falcon
challenge_6_test_1427.wav,eight
challenge_6_test_1428.wav,down
challenge_6_test_1429.wav,chicken
challenge_6_test_1430.wav,go
challenge_6_test_1431.wav,crocodile
challenge_6_test_1432.wav,go
challenge_6_test_1433.wav,cat
challenge_6_test_1434.wav,down
challenge_6_test_1435.wav,three
challenge_6_test_1436.wav,six
challenge_6_test_1437.wav,go
challenge_6_test_1438.wav,seven
challenge_6_test_1439.wav,go
challenge_6_test_1440.wav,right
challenge_6_test_1441.wav,one
challenge_6_test_1442.wav,eight
challenge_6_test_1443.wav,cat
challenge_6_test_1444.wav,bird
challenge_6_test_1445.wav,right
challenge_6_test_1446.wav,down
challenge_6_test_1447.wav,elephant
challenge_6_test_1448.wav,backward
challenge_6_test_1449.wav,bird
challenge_6_test_1450.wav,bird
challenge_6_test_1451.wav,cat
challenge_6_test_1452.wav,down
challenge_6_test_1453.wav,six
challenge_6_test_1454.wav,snake
challenge_6_test_1455.wav,crocodile
challenge_6_test_1456.wav,right
challenge_6_test_1457.wav,nine
challenge_6_test_1458.wav,five
challenge_6_test_1459.wav,elephant
challenge_6_test_1460.wav,six
challenge_6_test_1461.wav,stop
challenge_6_test_1462.wav,go
challenge_6_test_1463.wav,right
challenge_6_test_1464.wav,zero
challenge_6_test_1465.wav,left
challenge_6_test_1466.wav,left
challenge_6_test_1467.wav,down
challenge_6_test_1468.wav,six
challenge_6_test_1469.wav,crocodile
challenge_6_test_1470.wav,seven
challenge_6_test_1471.wav,forward
challenge_6_test_1472.wav,eight
challenge_6_test_1473.wav,dog
challenge_6_test_1474.wav,dog
challenge_6_test_1475.wav,bird
challenge_6_test_1476.wav,backward
challenge_6_test_1477.wav,right
challenge_6_test_1478.wav,eight
challenge_6_test_1479.wav,crocodile
challenge_6_test_1480.wav,bird
challenge_6_test_1481.wav,bird
challenge_6_test_1482.wav,down
challenge_6_test_1483.wav,zero
challenge_6_test_1484.wav,down
challenge_6_test_1485.wav,three
challenge_6_test_1486.wav,seven
challenge_6_test_1487.wav,right
challenge_6_test_1488.wav,nine
challenge_6_test_1489.wav,five
challenge_6_test_1490.wav,four
challenge_6_test_1491.wav,go
challenge_6_test_1492.wav,falcon
challenge_6_test_1493.wav,right
challenge_6_test_1494.wav,six
challenge_6_test_1495.wav,zero
challenge_6_test_1496.wav,falcon
challenge_6_test_1497.wav,crocodile
challenge_6_test_1498.wav,falcon
challenge_6_test_1499.wav,go
challenge_6_test_1500.wav,bird
challenge_6_test_1501.wav,eight
challenge_6_test_1502.wav,nine
challenge_6_test_1503.wav,nine
challenge_6_test_1504.wav,down
challenge_6_test_1505.wav,nine
challenge_6_test_1506.wav,four
challenge_6_test_1507.wav,backward
challenge_6_test_1508.wav,zero
challenge_6_test_1509.wav,go
challenge_6_test_1510.wav,go
challenge_6_test_1511.wav,falcon
challenge_6_test_1512.wav,falcon
challenge_6_test_1513.wav,forward
challenge_6_test_1514.wav,crocodile
challenge_6_test_1515.wav,dog
challenge_6_test_1516.wav,bird
challenge_6_test_1517.wav,six
challenge_6_test_1518.wav,elephant
challenge_6_test_1519.wav,eight
challenge_6_test_1520.wav,go
challenge_6_test_1521.wav,up
challenge_6_test_1522.wav,elephant
challenge_6_test_1523.wav,forward
challenge_6_test_1524.wav,elephant
challenge_6_test_1525.wav,go
challenge_6_test_1526.wav,five
challenge_6_test_1527.wav,falcon
challenge_6_test_1528.wav,bird
challenge_6_test_1529.wav,four
challenge_6_test_1530.wav,left
challenge_6_test_1531.wav,right
challenge_6_test_1532.wav,eight
challenge_6_test_1533.wav,six
challenge_6_test_1534.wav,go
challenge_6_test_1535.wav,six
challenge_6_test_1536.wav,bird
challenge_6_test_1537.wav,six
challenge_6_test_1538.wav,four
challenge_6_test_1539.wav,five
challenge_6_test_1540.wav,forward
challenge_6_test_1541.wav,five
challenge_6_test_1542.wav,seven
challenge_6_test_1543.wav,chicken
challenge_6_test_1544.wav,seven
challenge_6_test_1545.wav,go
challenge_6_test_1546.wav,crocodile
challenge_6_test_1547.wav,down
challenge_6_test_1548.wav,five
challenge_6_test_1549.wav,seven
challenge_6_test_1550.wav,right
challenge_6_test_1551.wav,five
challenge_6_test_1552.wav,down
challenge_6_test_1553.wav,two
challenge_6_test_1554.wav,chicken
challenge_6_test_1555.wav,cat
challenge_6_test_1556.wav,left
challenge_6_test_1557.wav,bird
challenge_6_test_1558.wav,three
challenge_6_test_1559.wav,bird
challenge_6_test_1560.wav,bird
challenge_6_test_1561.wav,bird
challenge_6_test_1562.wav,falcon
challenge_6_test_1563.wav,six
challenge_6_test_1564.wav,go
challenge_6_test_1565.wav,five
challenge_6_test_1566.wav,dinosaur
challenge_6_test_1567.wav,four
challenge_6_test_1568.wav,down
challenge_6_test_1569.wav,chicken
challenge_6_test_1570.wav,one
challenge_6_test_1571.wav,elephant
challenge_6_test_1572.wav,go
challenge_6_test_1573.wav,dog
challenge_6_test_1574.wav,six
challenge_6_test_1575.wav,falcon
challenge_6_test_1576.wav,eight
challenge_6_test_1577.wav,falcon
challenge_6_test_1578.wav,down
challenge_6_test_1579.wav,cat
challenge_6_test_1580.wav,zero
challenge_6_test_1581.wav,left
challenge_6_test_1583.wav,five
challenge_6_test_1584.wav,bird
challenge_6_test_1585.wav,up
challenge_6_test_1586.wav,two
challenge_6_test_1587.wav,right
challenge_6_test_1588.wav,dog
challenge_6_test_1589.wav,forward
challenge_6_test_1590.wav,six
challenge_6_test_1591.wav,elephant
challenge_6_test_1592.wav,six
challenge_6_test_1593.wav,forward
challenge_6_test_1594.wav,six
challenge_6_test_1595.wav,chicken
challenge_6_test_1596.wav,seven
challenge_6_test_1597.wav,two
challenge_6_test_1598.wav,chicken
challenge_6_test_1599.wav,five
challenge_6_test_1600.wav,bird
challenge_6_test_1601.wav,chicken
challenge_6_test_1602.wav,right
challenge_6_test_1603.wav,forward
challenge_6_test_1604.wav,go
challenge_6_test_1605.wav,crocodile
challenge_6_test_1606.wav,left
challenge_6_test_1607.wav,four
challenge_6_test_1608.wav,dinosaur
challenge_6_test_1609.wav,seven
challenge_6_test_1610.wav,right
challenge_6_test_1611.wav,three
challenge_6_test_1612.wav,go
challenge_6_test_1613.wav,six
challenge_6_test_1614.wav,up
challenge_6_test_1615.wav,go
challenge_6_test_1616.wav,crocodile
challenge_6_test_1617.wav,elephant
challenge_6_test_1618.wav,stop
challenge_6_test_1619.wav,right
challenge_6_test_1620.wav,six
challenge_6_test_1621.wav,seven
challenge_6_test_1622.wav,stop
challenge_6_test_1623.wav,elephant
challenge_6_test_1624.wav,seven
challenge_6_test_1625.wav,six
challenge_6_test_1626.wav,down
challenge_6_test_1627.wav,go
challenge_6_test_1628.wav,bird
challenge_6_test_1629.wav,three
challenge_6_test_1630.wav,backward
challenge_6_test_1631.wav,right
challenge_6_test_1632.wav,crocodile
challenge_6_test_1633.wav,down
challenge_6_test_1634.wav,six
challenge_6_test_1635.wav,four
challenge_6_test_1636.wav,right
challenge_6_test_1637.wav,right
challenge_6_test_1638.wav,left
challenge_6_test_1639.wav,five
challenge_6_test_1640.wav,forward
challenge_6_test_1641.wav,right
challenge_6_test_1642.wav,bird
challenge_6_test_1643.wav,dog
challenge_6_test_1644.wav,down
challenge_6_test_1645.wav,forward
challenge_6_test_1646.wav,chicken
challenge_6_test_1647.wav,one
challenge_6_test_1649.wav,bird
challenge_6_test_1650.wav,down
challenge_6_test_1651.wav,one
challenge_6_test_1652.wav,bird
challenge_6_test_1653.wav,four
challenge_6_test_1654.wav,cat
challenge_6_test_1655.wav,cat
challenge_6_test_1656.wav,bird
challenge_6_test_1657.wav,down
challenge_6_test_1658.wav,two
challenge_6_test_1659.wav,forward
challenge_6_test_1660.wav,bird
challenge_6_test_1661.wav,up
challenge_6_test_1662.wav,snake
challenge_6_test_1663.wav,down
challenge_6_test_1664.wav,snake
challenge_6_test_1665.wav,five
challenge_6_test_1666.wav,snake
challenge_6_test_1667.wav,six
challenge_6_test_1668.wav,falcon
challenge_6_test_1669.wav,four
challenge_6_test_1670.wav,go
challenge_6_test_1671.wav,eight
challenge_6_test_1672.wav,backward
challenge_6_test_1673.wav,falcon
challenge_6_test_1674.wav,elephant
challenge_6_test_1675.wav,nine
challenge_6_test_1676.wav,go
challenge_6_test_1677.wav,stop
challenge_6_test_1678.wav,seven
challenge_6_test_1679.wav,go
challenge_6_test_1680.wav,eight
challenge_6_test_1681.wav,falcon
challenge_6_test_1682.wav,six
challenge_6_test_1683.wav,six
challenge_6_test_1684.wav,four
challenge_6_test_1685.wav,forward
challenge_6_test_1686.wav,right
challenge_6_test_1687.wav,forward
challenge_6_test_1688.wav,four
challenge_6_test_1689.wav,left
challenge_6_test_1690.wav,five
challenge_6_test_1691.wav,six
challenge_6_test_1693.wav,go
challenge_6_test_1694.wav,right
challenge_6_test_1695.wav,two
challenge_6_test_1696.wav,go
challenge_6_test_1697.wav,backward
challenge_6_test_1698.wav,down
challenge_6_test_1699.wav,dinosaur
challenge_6_test_1700.wav,cat
challenge_6_test_1701.wav,go
challenge_6_test_1702.wav,down
challenge_6_test_1703.wav,seven
challenge_6_test_1704.wav,six
challenge_6_test_1705.wav,three
challenge_6_test_1706.wav,left
challenge_6_test_1707.wav,stop
challenge_6_test_1708.wav,down
challenge_6_test_1709.wav,falcon
challenge_6_test_1710.wav,five
challenge_6_test_1711.wav,six
challenge_6_test_1712.wav,go
challenge_6_test_1713.wav,seven
challenge_6_test_1714.wav,bird
challenge_6_test_1715.wav,six
challenge_6_test_1716.wav,crocodile
challenge_6_test_1717.wav,left
challenge_6_test_1718.wav,six
challenge_6_test_1719.wav,go
challenge_6_test_1720.wav,four
challenge_6_test_1721.wav,bird
challenge_6_test_1722.wav,six
challenge_6_test_1723.wav,snake
challenge_6_test_1724.wav,backward
challenge_6_test_1725.wav,four
challenge_6_test_1726.wav,crocodile
challenge_6_test_1727.wav,elephant
challenge_6_test_1728.wav,cat
challenge_6_test_1729.wav,bird
challenge_6_test_1730.wav,cat
challenge_6_test_1731.wav,three
challenge_6_test_1732.wav,right
challenge_6_test_1733.wav,down
challenge_6_test_1734.wav,six
challenge_6_test_1735.wav,cat
challenge_6_test_1736.wav,six
challenge_6_test_1737.wav,backward
challenge_6_test_1738.wav,elephant
challenge_6_test_1739.wav,six
challenge_6_test_1740.wav,elephant
challenge_6_test_1741.wav,falcon
challenge_6_test_1742.wav,eight
challenge_6_test_1743.wav,crocodile
challenge_6_test_1744.wav,crocodile
challenge_6_test_1745.wav,three
challenge_6_test_1746.wav,crocodile
challenge_6_test_1747.wav,dog
challenge_6_test_1748.wav,up
challenge_6_test_1749.wav,five
challenge_6_test_1750.wav,up
challenge_6_test_1751.wav,bird
challenge_6_test_1752.wav,right
challenge_6_test_1753.wav,bird
challenge_6_test_1754.wav,go
challenge_6_test_1755.wav,backward
challenge_6_test_1756.wav,seven
challenge_6_test_1757.wav,three
challenge_6_test_1758.wav,cat
challenge_6_test_1759.wav,up
challenge_6_test_1760.wav,six
challenge_6_test_1761.wav,down
challenge_6_test_1762.wav,backward
challenge_6_test_1763.wav,dog
challenge_6_test_1764.wav,eight
challenge_6_test_1765.wav,stop
challenge_6_test_1766.wav,down
challenge_6_test_1767.wav,down
challenge_6_test_1768.wav,cat
challenge_6_test_1769.wav,forward
challenge_6_test_1770.wav,go
challenge_6_test_1771.wav,dog
challenge_6_test_1772.wav,five
challenge_6_test_1773.wav,falcon
challenge_6_test_1774.wav,seven
challenge_6_test_1775.wav,down
challenge_6_test_1776.wav,go
challenge_6_test_1777.wav,stop
challenge_6_test_1778.wav,left
challenge_6_test_1779.wav,go
challenge_6_test_1780.wav,elephant
challenge_6_test_1781.wav,bird
challenge_6_test_1782.wav,left
challenge_6_test_1783.wav,cat
challenge_6_test_1784.wav,crocodile
challenge_6_test_1785.wav,chicken
challenge_6_test_1786.wav,falcon
challenge_6_test_1787.wav,crocodile
challenge_6_test_1788.wav,chicken
challenge_6_test_1789.wav,five
challenge_6_test_1790.wav,bird
challenge_6_test_1791.wav,two
challenge_6_test_1792.wav,bird
challenge_6_test_1793.wav,backward
challenge_6_test_1794.wav,forward
challenge_6_test_1795.wav,bird
challenge_6_test_1796.wav,nine
challenge_6_test_1797.wav,six
challenge_6_test_1798.wav,seven
challenge_6_test_1799.wav,zero
challenge_6_test_1800.wav,right
challenge_6_test_1801.wav,go
challenge_6_test_1802.wav,bird
challenge_6_test_1803.wav,falcon
challenge_6_test_1804.wav,stop
challenge_6_test_1805.wav,down
challenge_6_test_1806.wav,bird
challenge_6_test_1807.wav,six
challenge_6_test_1808.wav,left
challenge_6_test_1809.wav,dinosaur
challenge_6_test_1810.wav,seven
challenge_6_test_1811.wav,crocodile
challenge_6_test_1812.wav,right
challenge_6_test_1813.wav,bird
challenge_6_test_1814.wav,chicken
challenge_6_test_1815.wav,right
challenge_6_test_1816.wav,go
challenge_6_test_1817.wav,falcon
challenge_6_test_1818.wav,go
challenge_6_test_1819.wav,forward
challenge_6_test_1820.wav,eight
challenge_6_test_1821.wav,stop
challenge_6_test_1822.wav,five
challenge_6_test_1823.wav,falcon
challenge_6_test_1824.wav,seven
challenge_6_test_1825.wav,falcon
challenge_6_test_1826.wav,seven
challenge_6_test_1827.wav,stop
challenge_6_test_1828.wav,six
challenge_6_test_1829.wav,right
challenge_6_test_1830.wav,two
challenge_6_test_1831.wav,left
challenge_6_test_1832.wav,down
challenge_6_test_1833.wav,forward
challenge_6_test_1834.wav,six
challenge_6_test_1835.wav,eight
challenge_6_test_1836.wav,six
challenge_6_test_1837.wav,five
challenge_6_test_1838.wav,three
challenge_6_test_1839.wav,five
challenge_6_test_1840.wav,four
challenge_6_test_1841.wav,one
challenge_6_test_1842.wav,backward
challenge_6_test_1843.wav,right
challenge_6_test_1844.wav,crocodile
challenge_6_test_1845.wav,nine
challenge_6_test_1846.wav,stop
challenge_6_test_1847.wav,backward
challenge_6_test_1848.wav,two
challenge_6_test_1849.wav,bird
challenge_6_test_1850.wav,forward
challenge_6_test_1851.wav,go
challenge_6_test_1852.wav,go
challenge_6_test_1853.wav,six
challenge_6_test_1854.wav,seven
challenge_6_test_1855.wav,crocodile
challenge_6_test_1856.wav,bird
challenge_6_test_1857.wav,cat
challenge_6_test_1858.wav,crocodile
challenge_6_test_1859.wav,bird
challenge_6_test_1860.wav,up
challenge_6_test_1861.wav,five
challenge_6_test_1862.wav,six
challenge_6_test_1863.wav,falcon
challenge_6_test_1864.wav,three
challenge_6_test_1865.wav,six
challenge_6_test_1866.wav,down
challenge_6_test_1867.wav,bird
challenge_6_test_1868.wav,right
challenge_6_test_1869.wav,down
challenge_6_test_1870.wav,forward
challenge_6_test_1871.wav,seven
challenge_6_test_1872.wav,go
challenge_6_test_1873.wav,zero
challenge_6_test_1874.wav,eight
challenge_6_test_1875.wav,eight
challenge_6_test_1876.wav,backward
challenge_6_test_1877.wav,bird
challenge_6_test_1878.wav,up
challenge_6_test_1879.wav,go
challenge_6_test_1880.wav,stop
challenge_6_test_1881.wav,chicken
challenge_6_test_1882.wav,down
challenge_6_test_1883.wav,six
challenge_6_test_1884.wav,up
challenge_6_test_1885.wav,five
challenge_6_test_1886.wav,six
challenge_6_test_1887.wav,elephant
challenge_6_test_1888.wav,cat
challenge_6_test_1889.wav,right
challenge_6_test_1890.wav,left
challenge_6_test_1891.wav,forward
challenge_6_test_1892.wav,two
challenge_6_test_1893.wav,go
challenge_6_test_1894.wav,zero
challenge_6_test_1895.wav,dog
challenge_6_test_1896.wav,up
challenge_6_test_1897.wav,go
challenge_6_test_1898.wav,cat
challenge_6_test_1899.wav,six
challenge_6_test_1900.wav,go
challenge_6_test_1901.wav,backward
challenge_6_test_1902.wav,seven
challenge_6_test_1903.wav,six
challenge_6_test_1904.wav,go
challenge_6_test_1905.wav,zero
challenge_6_test_1906.wav,crocodile
challenge_6_test_1907.wav,six
challenge_6_test_1908.wav,two
challenge_6_test_1909.wav,go
challenge_6_test_1910.wav,go
challenge_6_test_1911.wav,one
challenge_6_test_1912.wav,five
challenge_6_test_1913.wav,five
challenge_6_test_1914.wav,falcon
challenge_6_test_1915.wav,four
challenge_6_test_1916.wav,cat
challenge_6_test_1917.wav,six
challenge_6_test_1918.wav,up
challenge_6_test_1919.wav,six
challenge_6_test_1920.wav,two
challenge_6_test_1921.wav,six
challenge_6_test_1922.wav,crocodile
challenge_6_test_1923.wav,cat
challenge_6_test_1924.wav,up
challenge_6_test_1925.wav,six
challenge_6_test_1926.wav,seven
challenge_6_test_1927.wav,go
challenge_6_test_1928.wav,five
challenge_6_test_1929.wav,left
challenge_6_test_1930.wav,chicken
challenge_6_test_1931.wav,zero
challenge_6_test_1932.wav,five
challenge_6_test_1933.wav,up
challenge_6_test_1934.wav,nine
challenge_6_test_1935.wav,go
challenge_6_test_1936.wav,five
challenge_6_test_1937.wav,zero
challenge_6_test_1938.wav,crocodile
challenge_6_test_1939.wav,falcon
challenge_6_test_1940.wav,falcon
challenge_6_test_1941.wav,chicken
challenge_6_test_1942.wav,nine
challenge_6_test_1943.wav,seven
challenge_6_test_1944.wav,go
challenge_6_test_1945.wav,backward
challenge_6_test_1946.wav,four
challenge_6_test_1947.wav,go
challenge_6_test_1948.wav,backward
challenge_6_test_1949.wav,seven
challenge_6_test_1950.wav,up
challenge_6_test_1951.wav,seven
challenge_6_test_1952.wav,seven
challenge_6_test_1953.wav,bird
challenge_6_test_1955.wav,go
challenge_6_test_1956.wav,down
challenge_6_test_1957.wav,dog
challenge_6_test_1958.wav,down
challenge_6_test_1959.wav,crocodile
challenge_6_test_1960.wav,go
challenge_6_test_1961.wav,cat
challenge_6_test_1962.wav,go
challenge_6_test_1963.wav,cat
challenge_6_test_1964.wav,crocodile
challenge_6_test_1965.wav,bird
challenge_6_test_1966.wav,stop
challenge_6_test_1967.wav,backward
challenge_6_test_1968.wav,cat
challenge_6_test_1969.wav,four
challenge_6_test_1970.wav,six
challenge_6_test_1971.wav,six
challenge_6_test_1972.wav,four
challenge_6_test_1973.wav,seven
challenge_6_test_1974.wav,crocodile
challenge_6_test_1975.wav,seven
challenge_6_test_1976.wav,falcon
challenge_6_test_1977.wav,four
challenge_6_test_1978.wav,one
challenge_6_test_1979.wav,go
challenge_6_test_1980.wav,backward
challenge_6_test_1981.wav,left
challenge_6_test_1982.wav,dinosaur
challenge_6_test_1983.wav,two
challenge_6_test_1984.wav,four
challenge_6_test_1985.wav,bird
challenge_6_test_1986.wav,one
challenge_6_test_1987.wav,seven
challenge_6_test_1988.wav,up
challenge_6_test_1989.wav,seven
challenge_6_test_1990.wav,seven
challenge_6_test_1991.wav,up
challenge_6_test_1992.wav,cat
challenge_6_test_1993.wav,one
challenge_6_test_1994.wav,eight
challenge_6_test_1995.wav,falcon
challenge_6_test_1996.wav,up
challenge_6_test_1997.wav,backward
challenge_6_test_1998.wav,dog
challenge_6_test_1999.wav,seven
challenge_6_test_2000.wav,cat
challenge_6_test_2001.wav,two
challenge_6_test_2002.wav,falcon
challenge_6_test_2003.wav,up
challenge_6_test_2004.wav,forward
challenge_6_test_2005.wav,right
challenge_6_test_2006.wav,crocodile
challenge_6_test_2007.wav,up
challenge_6_test_2008.wav,down
challenge_6_test_2009.wav,up
challenge_6_test_2010.wav,falcon
challenge_6_test_2011.wav,six
challenge_6_test_2012.wav,four
challenge_6_test_2013.wav,dinosaur
challenge_6_test_2014.wav,six
challenge_6_test_2015.wav,elephant
challenge_6_test_2016.wav,six
challenge_6_test_2017.wav,bird
challenge_6_test_2018.wav,seven
challenge_6_test_2019.wav,six
challenge_6_test_2020.wav,six
challenge_6_test_2021.wav,six
challenge_6_test_2022.wav,seven
challenge_6_test_2023.wav,bird
challenge_6_test_2024.wav,seven
challenge_6_test_2025.wav,snake
challenge_6_test_2027.wav,dog
challenge_6_test_2028.wav,three
challenge_6_test_2029.wav,eight
challenge_6_test_2030.wav,three
challenge_6_test_2031.wav,three
challenge_6_test_2032.wav,three
challenge_6_test_2033.wav,forward
challenge_6_test_2034.wav,right
challenge_6_test_2035.wav,eight
challenge_6_test_2036.wav,elephant
challenge_6_test_2037.wav,forward
challenge_6_test_2038.wav,three
challenge_6_test_2039.wav,five
challenge_6_test_2040.wav,right
challenge_6_test_2041.wav,snake
challenge_6_test_2042.wav,eight
challenge_6_test_2043.wav,four
challenge_6_test_2044.wav,four
challenge_6_test_2045.wav,dog
challenge_6_test_2046.wav,dog
challenge_6_test_2047.wav,nine
challenge_6_test_2048.wav,five
challenge_6_test_2049.wav,three
challenge_6_test_2050.wav,dog
challenge_6_test_2051.wav,go
challenge_6_test_2052.wav,elephant
challenge_6_test_2053.wav,dog
challenge_6_test_2054.wav,left
challenge_6_test_2055.wav,six
challenge_6_test_2056.wav,left
challenge_6_test_2057.wav,snake
challenge_6_test_2058.wav,crocodile
challenge_6_test_2059.wav,eight
challenge_6_test_2060.wav,nine
challenge_6_test_2061.wav,down
challenge_6_test_2062.wav,eight
challenge_6_test_2063.wav,seven
challenge_6_test_2064.wav,falcon
challenge_6_test_2065.wav,right
challenge_6_test_2066.wav,left
challenge_6_test_2067.wav,eight
challenge_6_test_2068.wav,snake
challenge_6_test_2069.wav,go
challenge_6_test_2070.wav,four
challenge_6_test_2071.wav,forward
challenge_6_test_2072.wav,dog
challenge_6_test_2073.wav,zero
challenge_6_test_2074.wav,elephant
challenge_6_test_2075.wav,elephant
challenge_6_test_2076.wav,crocodile
challenge_6_test_2077.wav,snake
challenge_6_test_2078.wav,zero
challenge_6_test_2079.wav,nine
challenge_6_test_2080.wav,elephant
challenge_6_test_2081.wav,down
challenge_6_test_2082.wav,dog
challenge_6_test_2083.wav,go
challenge_6_test_2084.wav,two
challenge_6_test_2085.wav,forward
challenge_6_test_2086.wav,zero
challenge_6_test_2087.wav,eight
challenge_6_test_2088.wav,go
challenge_6_test_2089.wav,two
challenge_6_test_2090.wav,crocodile
challenge_6_test_2091.wav,two
challenge_6_test_2092.wav,falcon
challenge_6_test_2093.wav,left
challenge_6_test_2094.wav,five
challenge_6_test_2095.wav,nine
challenge_6_test_2096.wav,stop
challenge_6_test_2097.wav,nine
challenge_6_test_2098.wav,chicken
challenge_6_test_2099.wav,four
challenge_6_test_2100.wav,falcon
challenge_6_test_2101.wav,down
challenge_6_test_2102.wav,chicken
challenge_6_test_2103.wav,up
challenge_6_test_2104.wav,go
challenge_6_test_2105.wav,snake
challenge_6_test_2106.wav,nine
challenge_6_test_2107.wav,stop
challenge_6_test_2108.wav,nine
challenge_6_test_2109.wav,stop
challenge_6_test_2110.wav,chicken
challenge_6_test_2111.wav,crocodile
challenge_6_test_2112.wav,six
challenge_6_test_2113.wav,zero
challenge_6_test_2114.wav,snake
challenge_6_test_2115.wav,chicken
challenge_6_test_2116.wav,go
challenge_6_test_2117.wav,seven
challenge_6_test_2118.wav,crocodile
challenge_6_test_2119.wav,crocodile
challenge_6_test_2120.wav,go
challenge_6_test_2121.wav,one
challenge_6_test_2122.wav,dinosaur
challenge_6_test_2124.wav,nine
challenge_6_test_2125.wav,go
challenge_6_test_2126.wav,right
challenge_6_test_2127.wav,backward
challenge_6_test_2128.wav,up
challenge_6_test_2129.wav,five
challenge_6_test_2130.wav,down
challenge_6_test_2131.wav,cat
challenge_6_test_2132.wav,four
challenge_6_test_2133.wav,stop
challenge_6_test_2134.wav,nine
challenge_6_test_2135.wav,seven
challenge_6_test_2136.wav,crocodile
challenge_6_test_2137.wav,dinosaur
challenge_6_test_2138.wav,one
challenge_6_test_2139.wav,up
challenge_6_test_2140.wav,bird
challenge_6_test_2141.wav,eight
challenge_6_test_2142.wav,up
challenge_6_test_2143.wav,one
challenge_6_test_2144.wav,bird
challenge_6_test_2145.wav,three
challenge_6_test_2146.wav,zero
challenge_6_test_2147.wav,elephant
challenge_6_test_2148.wav,up
challenge_6_test_2149.wav,left
challenge_6_test_2150.wav,dog
challenge_6_test_2151.wav,elephant
challenge_6_test_2152.wav,dinosaur
challenge_6_test_2153.wav,nine
challenge_6_test_2155.wav,one
challenge_6_test_2156.wav,five
challenge_6_test_2157.wav,go
challenge_6_test_2158.wav,chicken
challenge_6_test_2159.wav,falcon
challenge_6_test_2160.wav,elephant
challenge_6_test_2161.wav,nine
challenge_6_test_2162.wav,elephant
challenge_6_test_2163.wav,up
challenge_6_test_2164.wav,eight
challenge_6_test_2165.wav,cat
challenge_6_test_2166.wav,up
challenge_6_test_2167.wav,four
challenge_6_test_2168.wav,three
challenge_6_test_2169.wav,right
challenge_6_test_2170.wav,go
challenge_6_test_2171.wav,snake
challenge_6_test_2172.wav,one
challenge_6_test_2173.wav,five
challenge_6_test_2174.wav,down
challenge_6_test_2175.wav,dog
challenge_6_test_2176.wav,chicken
challenge_6_test_2177.wav,go
challenge_6_test_2178.wav,six
challenge_6_test_2179.wav,stop
challenge_6_test_2180.wav,four
challenge_6_test_2181.wav,zero
challenge_6_test_2182.wav,go
challenge_6_test_2183.wav,forward
challenge_6_test_2184.wav,up
challenge_6_test_2185.wav,elephant
challenge_6_test_2186.wav,left
challenge_6_test_2187.wav,chicken
challenge_6_test_2188.wav,snake
challenge_6_test_2189.wav,six
challenge_6_test_2191.wav,stop
challenge_6_test_2192.wav,falcon
challenge_6_test_2193.wav,eight
challenge_6_test_2194.wav,forward
challenge_6_test_2195.wav,right
challenge_6_test_2196.wav,stop
challenge_6_test_2197.wav,dog
challenge_6_test_2198.wav,down
challenge_6_test_2199.wav,one
challenge_6_test_2200.wav,six
challenge_6_test_2201.wav,right
challenge_6_test_2202.wav,dinosaur
challenge_6_test_2203.wav,chicken
challenge_6_test_2204.wav,dog
challenge_6_test_2205.wav,stop
challenge_6_test_2206.wav,crocodile
challenge_6_test_2207.wav,crocodile
challenge_6_test_2208.wav,backward
challenge_6_test_2209.wav,backward
challenge_6_test_2210.wav,zero
challenge_6_test_2211.wav,down
challenge_6_test_2212.wav,six
challenge_6_test_2213.wav,up
challenge_6_test_2214.wav,one
challenge_6_test_2215.wav,down
challenge_6_test_2216.wav,four
challenge_6_test_2217.wav,crocodile
challenge_6_test_2218.wav,up
challenge_6_test_2219.wav,seven
challenge_6_test_2220.wav,nine
challenge_6_test_2221.wav,forward
challenge_6_test_2223.wav,five
challenge_6_test_2224.wav,zero
challenge_6_test_2225.wav,dinosaur
challenge_6_test_2226.wav,three
challenge_6_test_2227.wav,eight
challenge_6_test_2228.wav,six
challenge_6_test_2229.wav,forward
challenge_6_test_2230.wav,stop
challenge_6_test_2231.wav,one
challenge_6_test_2232.wav,cat
challenge_6_test_2233.wav,right
challenge_6_test_2234.wav,down
challenge_6_test_2235.wav,backward
challenge_6_test_2236.wav,four
challenge_6_test_2237.wav,down
challenge_6_test_2238.wav,one
challenge_6_test_2239.wav,up
challenge_6_test_2240.wav,one
challenge_6_test_2241.wav,one
challenge_6_test_2242.wav,left
challenge_6_test_2243.wav,two
challenge_6_test_2244.wav,four
challenge_6_test_2245.wav,go
challenge_6_test_2246.wav,two
challenge_6_test_2247.wav,elephant
challenge_6_test_2248.wav,four
challenge_6_test_2249.wav,backward
challenge_6_test_2250.wav,dog
challenge_6_test_2251.wav,chicken
challenge_6_test_2252.wav,left
challenge_6_test_2253.wav,eight
challenge_6_test_2254.wav,eight
challenge_6_test_2255.wav,six
challenge_6_test_2256.wav,left
challenge_6_test_2257.wav,eight
challenge_6_test_2258.wav,elephant
challenge_6_test_2259.wav,bird
challenge_6_test_2260.wav,backward
challenge_6_test_2261.wav,right
challenge_6_test_2262.wav,two
challenge_6_test_2263.wav,left
challenge_6_test_2264.wav,snake
challenge_6_test_2265.wav,six
challenge_6_test_2266.wav,seven
challenge_6_test_2267.wav,five
challenge_6_test_2268.wav,cat
challenge_6_test_2269.wav,eight
challenge_6_test_2270.wav,two
challenge_6_test_2271.wav,right
challenge_6_test_2272.wav,nine
challenge_6_test_2273.wav,up
challenge_6_test_2274.wav,zero
challenge_6_test_2275.wav,one
challenge_6_test_2276.wav,four
challenge_6_test_2277.wav,six
challenge_6_test_2278.wav,elephant
challenge_6_test_2279.wav,six
challenge_6_test_2280.wav,zero
challenge_6_test_2282.wav,seven
challenge_6_test_2283.wav,snake
challenge_6_test_2284.wav,three
challenge_6_test_2285.wav,nine
challenge_6_test_2286.wav,backward
challenge_6_test_2287.wav,six
challenge_6_test_2288.wav,dog
challenge_6_test_2289.wav,right
challenge_6_test_2290.wav,five
challenge_6_test_2291.wav,cat
challenge_6_test_2292.wav,forward
challenge_6_test_2293.wav,go
challenge_6_test_2294.wav,stop
challenge_6_test_2295.wav,seven
challenge_6_test_2296.wav,right
challenge_6_test_2297.wav,chicken
challenge_6_test_2298.wav,backward
challenge_6_test_2299.wav,nine
challenge_6_test_2300.wav,snake
challenge_6_test_2301.wav,dog
challenge_6_test_2302.wav,dinosaur
challenge_6_test_2303.wav,two
challenge_6_test_2304.wav,go
challenge_6_test_2305.wav,four
challenge_6_test_2306.wav,right
challenge_6_test_2307.wav,up
challenge_6_test_2308.wav,down
challenge_6_test_2309.wav,chicken
challenge_6_test_2310.wav,four
challenge_6_test_2311.wav,crocodile
challenge_6_test_2312.wav,one
challenge_6_test_2313.wav,left
challenge_6_test_2314.wav,bird
challenge_6_test_2315.wav,down
challenge_6_test_2316.wav,nine
challenge_6_test_2317.wav,two
challenge_6_test_2318.wav,snake
challenge_6_test_2319.wav,four
challenge_6_test_2320.wav,seven
challenge_6_test_2321.wav,two
challenge_6_test_2323.wav,six
challenge_6_test_2324.wav,right
challenge_6_test_2325.wav,falcon
challenge_6_test_2326.wav,falcon
challenge_6_test_2327.wav,seven
challenge_6_test_2328.wav,two
challenge_6_test_2329.wav,falcon
challenge_6_test_2330.wav,cat
challenge_6_test_2331.wav,one
challenge_6_test_2332.wav,left
challenge_6_test_2333.wav,dinosaur
challenge_6_test_2334.wav,seven
challenge_6_test_2335.wav,go
challenge_6_test_2336.wav,left
challenge_6_test_2337.wav,crocodile
challenge_6_test_2338.wav,stop
challenge_6_test_2339.wav,six
challenge_6_test_2340.wav,chicken
challenge_6_test_2341.wav,seven
challenge_6_test_2342.wav,three
challenge_6_test_2343.wav,six
challenge_6_test_2344.wav,dog
challenge_6_test_2345.wav,forward
challenge_6_test_2346.wav,right
challenge_6_test_2347.wav,cat
challenge_6_test_2348.wav,two
challenge_6_test_2349.wav,two
challenge_6_test_2350.wav,seven
challenge_6_test_2351.wav,go
challenge_6_test_2352.wav,left
challenge_6_test_2353.wav,chicken
challenge_6_test_2354.wav,five
challenge_6_test_2355.wav,dinosaur
challenge_6_test_2356.wav,dinosaur
challenge_6_test_2357.wav,falcon
challenge_6_test_2358.wav,two
challenge_6_test_2359.wav,three
challenge_6_test_2360.wav,left
challenge_6_test_2361.wav,four
challenge_6_test_2362.wav,up
challenge_6_test_2363.wav,stop
challenge_6_test_2364.wav,up
challenge_6_test_2365.wav,crocodile
challenge_6_test_2366.wav,bird
challenge_6_test_2367.wav,six
challenge_6_test_2368.wav,backward
challenge_6_test_2369.wav,left
challenge_6_test_2370.wav,two
challenge_6_test_2371.wav,falcon
challenge_6_test_2372.wav,six
challenge_6_test_2373.wav,backward
challenge_6_test_2374.wav,chicken
challenge_6_test_2375.wav,two
challenge_6_test_2377.wav,two
challenge_6_test_2378.wav,five
challenge_6_test_2379.wav,dog
challenge_6_test_2380.wav,cat
challenge_6_test_2381.wav,left
challenge_6_test_2382.wav,three
challenge_6_test_2383.wav,dog
challenge_6_test_2384.wav,stop
challenge_6_test_2385.wav,chicken
challenge_6_test_2386.wav,bird
challenge_6_test_2387.wav,two
challenge_6_test_2388.wav,dinosaur
challenge_6_test_2389.wav,seven
challenge_6_test_2390.wav,nine
challenge_6_test_2391.wav,bird
challenge_6_test_2392.wav,forward
challenge_6_test_2393.wav,crocodile
challenge_6_test_2394.wav,three
challenge_6_test_2395.wav,six
challenge_6_test_2396.wav,bird
challenge_6_test_2397.wav,dinosaur
challenge_6_test_2398.wav,cat
challenge_6_test_2399.wav,stop
challenge_6_test_2401.wav,seven
challenge_6_test_2402.wav,cat
challenge_6_test_2403.wav,falcon
challenge_6_test_2404.wav,backward
challenge_6_test_2405.wav,dinosaur
challenge_6_test_2406.wav,three
challenge_6_test_2407.wav,seven
challenge_6_test_2408.wav,snake
challenge_6_test_2409.wav,three
challenge_6_test_2410.wav,seven
challenge_6_test_2411.wav,three
challenge_6_test_2412.wav,crocodile
challenge_6_test_2413.wav,cat
challenge_6_test_2414.wav,left
challenge_6_test_2415.wav,stop
challenge_6_test_2416.wav,bird
challenge_6_test_2417.wav,backward
challenge_6_test_2418.wav,crocodile
challenge_6_test_2419.wav,bird
challenge_6_test_2420.wav,stop
challenge_6_test_2421.wav,seven
challenge_6_test_2422.wav,falcon
challenge_6_test_2423.wav,three
challenge_6_test_2424.wav,seven
challenge_6_test_2425.wav,seven
challenge_6_test_2426.wav,falcon
challenge_6_test_2427.wav,seven
challenge_6_test_2428.wav,seven
challenge_6_test_2429.wav,bird
challenge_6_test_2430.wav,zero
challenge_6_test_2431.wav,zero
challenge_6_test_2432.wav,eight
challenge_6_test_2433.wav,eight
challenge_6_test_2434.wav,eight
challenge_6_test_2435.wav,zero
challenge_6_test_2436.wav,nine
challenge_6_test_2437.wav,four
challenge_6_test_2438.wav,down
challenge_6_test_2439.wav,forward
challenge_6_test_2440.wav,eight
challenge_6_test_2441.wav,four
challenge_6_test_2442.wav,go
challenge_6_test_2443.wav,right
challenge_6_test_2444.wav,four
challenge_6_test_2445.wav,one
challenge_6_test_2446.wav,go
challenge_6_test_2447.wav,four
challenge_6_test_2448.wav,up
challenge_6_test_2449.wav,dog
challenge_6_test_2450.wav,eight
challenge_6_test_2451.wav,down
challenge_6_test_2452.wav,up
challenge_6_test_2453.wav,four
challenge_6_test_2454.wav,eight
challenge_6_test_2455.wav,one
challenge_6_test_2456.wav,go
challenge_6_test_2457.wav,one
challenge_6_test_2458.wav,chicken
challenge_6_test_2459.wav,zero
challenge_6_test_2460.wav,down
challenge_6_test_2461.wav,six
challenge_6_test_2462.wav,six
challenge_6_test_2463.wav,chicken
challenge_6_test_2464.wav,dog
challenge_6_test_2465.wav,one
challenge_6_test_2466.wav,forward
challenge_6_test_2467.wav,chicken
challenge_6_test_2468.wav,six
challenge_6_test_2469.wav,one
challenge_6_test_2470.wav,right
challenge_6_test_2471.wav,forward
challenge_6_test_2472.wav,right
challenge_6_test_2473.wav,two
challenge_6_test_2474.wav,right
challenge_6_test_2475.wav,dinosaur
challenge_6_test_2476.wav,elephant
challenge_6_test_2478.wav,chicken
challenge_6_test_2479.wav,elephant
challenge_6_test_2480.wav,chicken
challenge_6_test_2481.wav,five
challenge_6_test_2482.wav,six
challenge_6_test_2483.wav,snake
challenge_6_test_2484.wav,nine
challenge_6_test_2485.wav,dinosaur
challenge_6_test_2486.wav,go
challenge_6_test_2487.wav,zero
challenge_6_test_2488.wav,nine
challenge_6_test_2489.wav,dinosaur
challenge_6_test_2490.wav,cat
challenge_6_test_2491.wav,zero
challenge_6_test_2492.wav,cat
challenge_6_test_2493.wav,crocodile
challenge_6_test_2494.wav,dinosaur
challenge_6_test_2495.wav,up
challenge_6_test_2496.wav,down
challenge_6_test_2497.wav,go
challenge_6_test_2498.wav,backward
challenge_6_test_2499.wav,up
challenge_6_test_2500.wav,nine
challenge_6_test_2501.wav,four
challenge_6_test_2502.wav,right
challenge_6_test_2503.wav,backward
challenge_6_test_2504.wav,nine
challenge_6_test_2505.wav,zero
challenge_6_test_2506.wav,dinosaur
challenge_6_test_2507.wav,elephant
challenge_6_test_2508.wav,down
challenge_6_test_2509.wav,eight
challenge_6_test_2510.wav,snake
challenge_6_test_2511.wav,crocodile
challenge_6_test_2512.wav,dog
challenge_6_test_2513.wav,crocodile
challenge_6_test_2514.wav,snake
challenge_6_test_2515.wav,zero
challenge_6_test_2516.wav,nine
challenge_6_test_2517.wav,two
challenge_6_test_2518.wav,bird
challenge_6_test_2519.wav,snake
challenge_6_test_2520.wav,go
challenge_6_test_2521.wav,three
challenge_6_test_2522.wav,forward
challenge_6_test_2523.wav,four
challenge_6_test_2524.wav,three
challenge_6_test_2525.wav,crocodile
challenge_6_test_2526.wav,bird
challenge_6_test_2527.wav,snake
challenge_6_test_2528.wav,three
challenge_6_test_2530.wav,crocodile
challenge_6_test_2531.wav,two
challenge_6_test_2532.wav,left
challenge_6_test_2533.wav,snake
challenge_6_test_2534.wav,one
challenge_6_test_2535.wav,left
challenge_6_test_2536.wav,two
challenge_6_test_2537.wav,nine
challenge_6_test_2538.wav,cat
challenge_6_test_2539.wav,three
challenge_6_test_2540.wav,falcon
challenge_6_test_2541.wav,one
challenge_6_test_2542.wav,dog
challenge_6_test_2543.wav,bird
challenge_6_test_2544.wav,three
challenge_6_test_2545.wav,snake
challenge_6_test_2546.wav,crocodile
challenge_6_test_2547.wav,elephant
challenge_6_test_2548.wav,dog
challenge_6_test_2549.wav,elephant
challenge_6_test_2550.wav,elephant
challenge_6_test_2551.wav,snake
challenge_6_test_2552.wav,dinosaur
challenge_6_test_2553.wav,elephant
challenge_6_test_2554.wav,chicken
challenge_6_test_2555.wav,snake
challenge_6_test_2556.wav,stop
challenge_6_test_2557.wav,go
challenge_6_test_2558.wav,stop
challenge_6_test_2559.wav,left
challenge_6_test_2560.wav,left
challenge_6_test_2561.wav,cat
challenge_6_test_2562.wav,two
challenge_6_test_2563.wav,seven
challenge_6_test_2564.wav,dog
challenge_6_test_2565.wav,falcon
challenge_6_test_2566.wav,five
challenge_6_test_2567.wav,right
challenge_6_test_2568.wav,backward
challenge_6_test_2569.wav,elephant
challenge_6_test_2570.wav,forward
challenge_6_test_2571.wav,dog
challenge_6_test_2572.wav,down
challenge_6_test_2573.wav,two
challenge_6_test_2574.wav,two
challenge_6_test_2575.wav,one
challenge_6_test_2576.wav,left
challenge_6_test_2577.wav,elephant
challenge_6_test_2578.wav,nine
challenge_6_test_2579.wav,go
challenge_6_test_2580.wav,snake
challenge_6_test_2581.wav,forward
challenge_6_test_2582.wav,dinosaur
challenge_6_test_2583.wav,elephant
challenge_6_test_2584.wav,backward
challenge_6_test_2585.wav,zero
challenge_6_test_2586.wav,chicken
challenge_6_test_2587.wav,bird
challenge_6_test_2588.wav,left
challenge_6_test_2589.wav,dog
challenge_6_test_2590.wav,stop
challenge_6_test_2591.wav,dog
challenge_6_test_2592.wav,down
challenge_6_test_2593.wav,falcon
challenge_6_test_2594.wav,falcon
challenge_6_test_2595.wav,stop
challenge_6_test_2596.wav,falcon
challenge_6_test_2597.wav,snake
challenge_6_test_2598.wav,cat
challenge_6_test_2599.wav,left
challenge_6_test_2600.wav,backward
challenge_6_test_2601.wav,seven
challenge_6_test_2602.wav,one
challenge_6_test_2603.wav,chicken
challenge_6_test_2604.wav,seven
challenge_6_test_2605.wav,up
challenge_6_test_2606.wav,forward
challenge_6_test_2607.wav,cat
challenge_6_test_2608.wav,nine
challenge_6_test_2609.wav,up
challenge_6_test_2610.wav,three
challenge_6_test_2611.wav,forward
challenge_6_test_2612.wav,stop
challenge_6_test_2613.wav,bird
challenge_6_test_2614.wav,six
challenge_6_test_2615.wav,five
challenge_6_test_2616.wav,cat
challenge_6_test_2617.wav,seven
challenge_6_test_2618.wav,up
challenge_6_test_2619.wav,bird
challenge_6_test_2620.wav,five
challenge_6_test_2621.wav,bird
challenge_6_test_2622.wav,chicken
challenge_6_test_2623.wav,bird
challenge_6_test_2624.wav,falcon
challenge_6_test_2625.wav,snake
challenge_6_test_2626.wav,one
challenge_6_test_2627.wav,five
challenge_6_test_2628.wav,forward
challenge_6_test_2629.wav,four
challenge_6_test_2630.wav,dog
challenge_6_test_2631.wav,left
challenge_6_test_2632.wav,elephant
challenge_6_test_2633.wav,backward
challenge_6_test_2634.wav,zero
challenge_6_test_2635.wav,snake
challenge_6_test_2636.wav,up
challenge_6_test_2637.wav,six
challenge_6_test_2638.wav,right
challenge_6_test_2639.wav,backward
challenge_6_test_2640.wav,left
challenge_6_test_2641.wav,elephant
challenge_6_test_2642.wav,stop
challenge_6_test_2643.wav,dinosaur
challenge_6_test_2644.wav,elephant
challenge_6_test_2645.wav,seven
challenge_6_test_2646.wav,bird
challenge_6_test_2647.wav,cat
challenge_6_test_2648.wav,one
challenge_6_test_2649.wav,five
challenge_6_test_2650.wav,up
challenge_6_test_2651.wav,stop
challenge_6_test_2652.wav,seven
challenge_6_test_2653.wav,six
challenge_6_test_2654.wav,seven
challenge_6_test_2655.wav,five
challenge_6_test_2656.wav,nine
challenge_6_test_2657.wav,four
challenge_6_test_2658.wav,dinosaur
challenge_6_test_2659.wav,cat
challenge_6_test_2660.wav,go
challenge_6_test_2661.wav,elephant
challenge_6_test_2662.wav,crocodile
challenge_6_test_2663.wav,falcon
challenge_6_test_2664.wav,three
challenge_6_test_2665.wav,seven
challenge_6_test_2666.wav,two
challenge_6_test_2667.wav,backward
challenge_6_test_2668.wav,right
challenge_6_test_2669.wav,dinosaur
challenge_6_test_2670.wav,eight
challenge_6_test_2671.wav,elephant
challenge_6_test_2672.wav,up
challenge_6_test_2673.wav,stop
challenge_6_test_2674.wav,dog
challenge_6_test_2675.wav,five
challenge_6_test_2676.wav,six
challenge_6_test_2677.wav,seven
challenge_6_test_2678.wav,backward
challenge_6_test_2679.wav,eight
challenge_6_test_2680.wav,four
challenge_6_test_2681.wav,seven
challenge_6_test_2682.wav,two
challenge_6_test_2683.wav,falcon
challenge_6_test_2684.wav,one
challenge_6_test_2685.wav,dog
challenge_6_test_2686.wav,three
challenge_6_test_2687.wav,crocodile
challenge_6_test_2688.wav,six
challenge_6_test_2689.wav,go
challenge_6_test_2690.wav,go
challenge_6_test_2691.wav,go
challenge_6_test_2692.wav,eight
challenge_6_test_2693.wav,bird
challenge_6_test_2694.wav,bird
challenge_6_test_2695.wav,cat
challenge_6_test_2696.wav,three
challenge_6_test_2697.wav,three
challenge_6_test_2698.wav,crocodile
challenge_6_test_2699.wav,crocodile
